;jenjang_pendidikan;minat_bakat;jalur_pendaftaran;rata_nilai;rencana_karir;prodi_rekomendasi_id
1;D3;Fisika, Teknik Tenaga Listrik (TTL);SBMPN;474.0;Network Engineer;2
2;D4;Kimia, Teknologi Komputer Jaringan (TKJ);SNMPN;77.4;Broadcast Engineer;7
3;D4;Pemrograman, Statistika, Teknologi Komputer Jaringan (TKJ), Desain Animasi;SNMPN;631.0;Machine Learning Engineer;12
4;D3;Teknik Instalasi Tenaga Listrik (TITL), Teknologi Komputer Jaringan (TKJ), Elektronika, Desain Animasi;SNMPTN/SNBP;86.1;Game Designer;9
5;D4;Fisika, Matematika, Desain Animasi;SBMPTN/SNBT;86.5;Digital Content Creator;11
6;D4;Teknik Tenaga Listrik (TTL), Matematika, Multimedia;SNMPN;744.0;Machine Learning Engineer;12
7;D4;Desain Animasi, Teknologi Komputer Jaringan (TKJ), Statistika, Teknik Instalasi Tenaga Listrik (TITL);SBMPTN/SNBT;708.0;Automation Engineer;5
8;D4;Desain Grafis, Pemrograman, Fisika;SBMPTN/SNBT;500.0;UI/UX Designer;11
9;D4;Kimia;SBMPN;524.0;Computer Engineer;6
10;D3;Desain Grafis, Kimia;SBMPTN/SNBT;654.0;Digital Content Creator;11
11;D4;Desain Grafis;SNMPN;703.0;Cloud Engineer;10
12;D4;Elektronika;SBMPTN/SNBT;558.0;Automation Engineer;3
13;D3;Desain Animasi, Kimia, Statistika;SIMANDIRI;572.0;Business Intelligence Analyst;12
14;D4;Statistika;SBMPTN/SNBT;625.0;RF Engineer;2
15;D4;Matematika;SNMPTN/SNBP;88.9;Embedded Systems Engineer;1
16;D4;Desain Grafis, Teknik Instalasi Tenaga Listrik (TITL), Teknologi Komputer Jaringan (TKJ), Multimedia;SBMPTN/SNBT;81.8;IT Support Specialist;6
17;D3;Multimedia, Desain Grafis, Desain Animasi;SNMPN;548.0;Network Security Specialist;10
18;D4;Kimia, Desain Animasi, Desain Grafis, Teknik Tenaga Listrik (TTL);SBMPTN/SNBT;77.9;Electrical Engineer;1
19;D4;Fisika;SNMPTN/SNBP;65.8;Cybersecurity Analyst;4
20;D3;Teknik Tenaga Listrik (TTL), Teknik Instalasi Tenaga Listrik (TITL), Pemrograman;SNMPTN/SNBP;688.0;Full Stack Developer;4
21;D3;Teknik Tenaga Listrik (TTL), Fisika, Teknik Instalasi Tenaga Listrik (TITL), Elektronika;SNMPN;496.0;IT Support Specialist;6
22;D4;Kimia, Teknologi Komputer Jaringan (TKJ), Elektronika;SNMPTN/SNBP;556.0;Mechatronics Specialist;5
23;D4;Multimedia, Teknologi Komputer Jaringan (TKJ), Kimia;SNMPN;86.4;Embedded Systems Engineer;1
24;D4;Statistika, Pemrograman, Multimedia;SNMPN;88.4;Mechatronics Specialist;5
25;D4;Teknik Tenaga Listrik (TTL), Teknologi Komputer Jaringan (TKJ), Matematika, Pemrograman;SNMPN;742.0;Game Designer;9
26;D4;Kimia, Desain Grafis;SBMPTN/SNBT;80.5;Motion Graphics Artist;11
27;D3;Kimia;SBMPN;509.0;Network Engineer;2
28;D3;Teknik Instalasi Tenaga Listrik (TITL), Desain Animasi;SBMPTN/SNBT;73.9;Cloud Engineer;10
29;D3;Fisika, Teknik Tenaga Listrik (TTL);SNMPTN/SNBP;538.0;3D Modeler;9
30;D4;Elektronika, Multimedia, Desain Grafis;SBMPN;670.0;UI/UX Designer;11
31;D4;Desain Grafis, Teknologi Komputer Jaringan (TKJ), Statistika;SBMPN;750.0;System Administrator;6
32;D4;Statistika, Matematika;SNMPTN/SNBP;659.0;Business Intelligence Analyst;12
33;D3;Desain Grafis, Pemrograman;SIMANDIRI;544.0;3D Modeler;9
34;D3;Fisika;SNMPN;80.7;Full Stack Developer;4
35;D4;Desain Animasi, Teknik Tenaga Listrik (TTL);SNMPTN/SNBP;85.0;Cybersecurity Analyst;4
36;D4;Teknik Instalasi Tenaga Listrik (TITL), Elektronika, Matematika, Statistika;SNMPN;517.0;Energy Analyst;8
37;D4;Statistika, Teknologi Komputer Jaringan (TKJ);SNMPN;81.2;Full Stack Developer;4
38;D3;Teknik Tenaga Listrik (TTL), Matematika, Teknologi Komputer Jaringan (TKJ);SNMPN;72.3;Telecommunications Specialist;2
39;D3;Elektronika;SNMPN;73.2;Mechatronics Specialist;5
40;D4;Desain Grafis, Multimedia, Teknik Instalasi Tenaga Listrik (TITL), Kimia;SNMPTN/SNBP;708.0;Automation Engineer;3
41;D4;Teknik Tenaga Listrik (TTL);SNMPN;642.0;Telecommunications Specialist;2
42;D4;Elektronika;SNMPTN/SNBP;469.0;Automation Engineer;5
43;D4;Fisika, Pemrograman, Statistika;SNMPN;69.7;Control Systems Engineer;3
44;D3;Elektronika, Multimedia, Pemrograman;SNMPN;643.0;Digital Content Creator;11
45;D3;Desain Animasi, Kimia, Multimedia;SNMPTN/SNBP;76.3;System Administrator;6
46;D4;Statistika, Elektronika;SBMPTN/SNBT;67.3;IT Support Specialist;6
47;D4;Multimedia, Elektronika, Desain Grafis;SIMANDIRI;528.0;Control Systems Engineer;3
48;D3;Fisika, Elektronika, Teknik Tenaga Listrik (TTL), Multimedia;SBMPTN/SNBT;71.3;Network Engineer;2
49;D4;Desain Grafis, Fisika, Kimia;SNMPN;75.0;Software Engineer;4
50;D4;Fisika, Statistika, Desain Grafis, Teknik Tenaga Listrik (TTL);SBMPTN/SNBT;73.4;Control Systems Engineer;3
51;D4;Teknik Instalasi Tenaga Listrik (TITL);SNMPN;747.0;RF Engineer;2
52;D4;Teknologi Komputer Jaringan (TKJ), Pemrograman, Teknik Instalasi Tenaga Listrik (TITL), Multimedia;SBMPN;549.0;IT Support Specialist;6
53;D4;Fisika;SIMANDIRI;69.4;Broadcast Engineer;7
54;D4;Elektronika, Multimedia;SIMANDIRI;566.0;3D Modeler;9
55;D3;Multimedia, Matematika, Teknologi Komputer Jaringan (TKJ), Teknik Tenaga Listrik (TTL);SBMPN;553.0;Energy Analyst;8
56;D4;Statistika;SBMPTN/SNBT;76.6;Motion Graphics Artist;11
57;D4;Multimedia, Matematika;SBMPTN/SNBT;587.0;Computer Engineer;6
58;D3;Fisika, Matematika, Desain Animasi;SBMPN;487.0;Digital Content Creator;11
59;D4;Kimia, Pemrograman, Desain Grafis, Desain Animasi;SBMPTN/SNBT;620.0;Video Editor;7
60;D4;Kimia, Multimedia;SBMPTN/SNBT;69.7;Video Editor;7
61;D3;Teknik Tenaga Listrik (TTL), Statistika, Matematika, Desain Animasi;SNMPTN/SNBP;65.1;3D Modeler;9
62;D3;Elektronika;SBMPTN/SNBT;83.4;DevOps Engineer;10
63;D4;Elektronika, Kimia;SNMPTN/SNBP;511.0;Automation Engineer;5
64;D3;Fisika, Desain Animasi, Matematika, Teknik Tenaga Listrik (TTL);SNMPTN/SNBP;75.0;Network Security Specialist;10
65;D4;Pemrograman, Statistika, Teknologi Komputer Jaringan (TKJ);SBMPTN/SNBT;590.0;Game Designer;9
66;D3;Desain Animasi, Fisika, Multimedia, Statistika;SBMPN;69.7;Computer Engineer;6
67;D3;Pemrograman, Teknik Instalasi Tenaga Listrik (TITL), Matematika;SBMPN;82.9;Renewable Energy Engineer;8
68;D4;Elektronika, Pemrograman;SNMPN;77.2;Data Scientist;12
69;D3;Fisika;SBMPTN/SNBT;79.7;Power Plant Operator;8
70;D4;Teknologi Komputer Jaringan (TKJ);SBMPTN/SNBT;617.0;Power Plant Operator;8
71;D4;Desain Animasi, Teknologi Komputer Jaringan (TKJ), Desain Grafis;SBMPN;519.0;Video Editor;7
72;D4;Teknik Tenaga Listrik (TTL), Desain Grafis;SNMPN;505.0;Power Plant Operator;8
73;D3;Teknik Tenaga Listrik (TTL), Matematika;SIMANDIRI;75.4;Telecommunications Specialist;2
74;D4;Statistika, Desain Animasi, Teknologi Komputer Jaringan (TKJ), Elektronika;SNMPN;725.0;Software Engineer;4
75;D4;Teknik Instalasi Tenaga Listrik (TITL), Desain Grafis, Kimia, Teknik Tenaga Listrik (TTL);SIMANDIRI;718.0;Embedded Systems Engineer;1
76;D4;Teknik Tenaga Listrik (TTL);SNMPTN/SNBP;80.6;Electronics Technician;1
77;D3;Teknik Tenaga Listrik (TTL), Multimedia, Kimia;SNMPTN/SNBP;519.0;Digital Content Creator;11
78;D3;Statistika, Desain Animasi, Pemrograman, Teknik Instalasi Tenaga Listrik (TITL);SNMPTN/SNBP;92.1;UI/UX Designer;11
79;D4;Multimedia, Statistika, Teknologi Komputer Jaringan (TKJ);SBMPTN/SNBT;69.8;UI/UX Designer;11
80;D4;Statistika, Desain Grafis, Multimedia, Teknik Instalasi Tenaga Listrik (TITL);SNMPTN/SNBP;83.7;System Administrator;6
81;D4;Fisika, Pemrograman, Kimia;SIMANDIRI;460.0;Cloud Engineer;10
82;D3;Teknik Instalasi Tenaga Listrik (TITL), Desain Grafis;SBMPN;89.2;Cloud Engineer;10
83;D4;Fisika, Desain Grafis, Teknik Tenaga Listrik (TTL);SBMPTN/SNBT;489.0;Cybersecurity Analyst;4
84;D4;Statistika, Teknik Tenaga Listrik (TTL);SNMPTN/SNBP;85.7;Cloud Engineer;10
85;D4;Pemrograman;SNMPTN/SNBP;69.8;Electrical Engineer;1
86;D4;Statistika, Matematika, Teknologi Komputer Jaringan (TKJ);SBMPN;691.0;Network Engineer;2
87;D4;Teknik Instalasi Tenaga Listrik (TITL), Matematika, Pemrograman, Teknologi Komputer Jaringan (TKJ);SNMPN;604.0;Motion Graphics Artist;11
88;D4;Matematika;SBMPTN/SNBT;79.2;Multimedia Designer;7
89;D4;Fisika, Elektronika;SNMPTN/SNBP;90.5;Industrial Electrician;3
90;D4;Matematika, Desain Grafis, Teknik Tenaga Listrik (TTL);SBMPTN/SNBT;88.6;Automation Engineer;3
91;D4;Multimedia, Teknik Tenaga Listrik (TTL), Teknik Instalasi Tenaga Listrik (TITL);SNMPTN/SNBP;619.0;Computer Engineer;6
92;D4;Teknik Tenaga Listrik (TTL), Desain Animasi, Matematika;SNMPTN/SNBP;605.0;Automation Engineer;5
93;D4;Teknik Tenaga Listrik (TTL), Matematika, Teknik Instalasi Tenaga Listrik (TITL);SBMPTN/SNBT;67.7;Game Designer;9
94;D3;Multimedia;SBMPTN/SNBT;77.0;Mechatronics Specialist;5
95;D4;Pemrograman;SBMPTN/SNBT;72.9;Mechatronics Specialist;5
96;D4;Teknologi Komputer Jaringan (TKJ), Pemrograman, Desain Grafis, Matematika;SBMPTN/SNBT;643.0;Network Security Specialist;10
97;D3;Statistika, Teknik Instalasi Tenaga Listrik (TITL), Matematika;SBMPN;474.0;Energy Analyst;8
98;D4;Matematika, Pemrograman;SBMPTN/SNBT;728.0;Video Editor;7
99;D3;Teknik Instalasi Tenaga Listrik (TITL), Elektronika, Kimia;SNMPTN/SNBP;70.0;IT Support Specialist;6
100;D4;Elektronika, Desain Animasi, Teknik Instalasi Tenaga Listrik (TITL), Fisika;SBMPTN/SNBT;86.3;3D Modeler;9
101;D4;Elektronika, Multimedia, Pemrograman;SBMPTN/SNBT;639.0;Telecommunications Specialist;2
102;D4;Multimedia, Kimia, Fisika, Matematika;SNMPTN/SNBP;75.1;Software Engineer;4
103;D4;Matematika, Pemrograman, Statistika, Teknologi Komputer Jaringan (TKJ);SBMPTN/SNBT;90.4;Video Editor;7
104;D3;Pemrograman, Elektronika, Teknik Instalasi Tenaga Listrik (TITL);SBMPTN/SNBT;82.1;Computer Engineer;6
105;D4;Teknologi Komputer Jaringan (TKJ), Desain Grafis;SNMPTN/SNBP;88.1;Machine Learning Engineer;12
106;D3;Elektronika, Teknik Instalasi Tenaga Listrik (TITL), Teknik Tenaga Listrik (TTL), Desain Animasi;SBMPN;723.0;Game Developer;9
107;D4;Teknik Tenaga Listrik (TTL);SNMPN;79.8;Power Plant Operator;8
108;D4;Desain Grafis;SBMPN;611.0;IT Support Specialist;6
109;D4;Desain Animasi;SBMPTN/SNBT;472.0;Game Developer;9
110;D3;Elektronika, Statistika;SNMPTN/SNBP;680.0;Electrical Engineer;1
111;D4;Fisika, Pemrograman;SBMPTN/SNBT;87.9;Data Scientist;12
112;D3;Statistika, Elektronika, Teknik Instalasi Tenaga Listrik (TITL), Matematika;SNMPN;568.0;Robotics Engineer;5
113;D3;Teknologi Komputer Jaringan (TKJ), Teknik Instalasi Tenaga Listrik (TITL);SBMPTN/SNBT;542.0;Game Designer;9
114;D4;Multimedia, Fisika, Pemrograman;SBMPN;602.0;Robotics Engineer;5
115;D4;Teknik Tenaga Listrik (TTL), Elektronika;SBMPTN/SNBT;80.7;Game Designer;9
116;D4;Teknik Tenaga Listrik (TTL), Statistika, Matematika;SBMPTN/SNBT;66.0;Motion Graphics Artist;11
117;D4;Teknik Tenaga Listrik (TTL), Multimedia, Desain Grafis;SBMPN;83.1;Machine Learning Engineer;12
118;D4;Teknologi Komputer Jaringan (TKJ), Desain Grafis, Pemrograman, Matematika;SNMPTN/SNBP;517.0;Broadcast Engineer;7
119;D4;Teknologi Komputer Jaringan (TKJ), Statistika;SNMPN;88.9;Renewable Energy Engineer;8
120;D4;Teknologi Komputer Jaringan (TKJ), Elektronika;SBMPTN/SNBT;78.2;Multimedia Designer;7
121;D4;Desain Grafis, Kimia;SNMPTN/SNBP;80.0;UI/UX Designer;11
122;D3;Desain Grafis, Elektronika, Teknologi Komputer Jaringan (TKJ);SNMPN;80.5;Electrical Engineer;1
123;D4;Fisika, Kimia, Multimedia, Pemrograman;SIMANDIRI;88.1;Network Engineer;2
124;D4;Elektronika, Fisika, Desain Animasi, Teknologi Komputer Jaringan (TKJ);SBMPN;643.0;3D Modeler;9
125;D4;Multimedia, Elektronika;SBMPTN/SNBT;644.0;System Administrator;6
126;D3;Teknik Tenaga Listrik (TTL), Matematika, Desain Animasi, Elektronika;SNMPTN/SNBP;94.2;Electronics Technician;1
127;D3;Desain Grafis, Teknologi Komputer Jaringan (TKJ), Teknik Tenaga Listrik (TTL), Teknik Instalasi Tenaga Listrik (TITL);SBMPN;89.0;Data Scientist;12
128;D3;Teknik Instalasi Tenaga Listrik (TITL);SNMPTN/SNBP;76.1;Control Systems Engineer;3
129;D3;Matematika;SBMPTN/SNBT;686.0;Automation Engineer;5
130;D3;Teknologi Komputer Jaringan (TKJ), Fisika, Matematika, Elektronika;SBMPN;81.4;Full Stack Developer;4
131;D4;Desain Animasi, Teknik Tenaga Listrik (TTL);SNMPTN/SNBP;724.0;Automation Engineer;3
132;D3;Teknik Tenaga Listrik (TTL), Kimia;SNMPN;701.0;Digital Content Creator;11
133;D3;Statistika, Elektronika, Fisika;SNMPN;75.0;Data Scientist;12
134;D3;Pemrograman, Fisika, Desain Grafis, Multimedia;SNMPTN/SNBP;642.0;Game Developer;9
135;D4;Desain Animasi, Statistika, Teknik Instalasi Tenaga Listrik (TITL), Desain Grafis;SBMPN;82.3;Automation Engineer;3
136;D4;Teknologi Komputer Jaringan (TKJ), Desain Animasi, Multimedia;SNMPTN/SNBP;750.0;Business Intelligence Analyst;12
137;D4;Matematika;SBMPTN/SNBT;544.0;Renewable Energy Engineer;8
138;D3;Elektronika;SBMPN;85.1;Full Stack Developer;4
139;D3;Desain Grafis, Matematika;SBMPTN/SNBT;67.0;Network Security Specialist;10
140;D3;Statistika;SBMPTN/SNBT;472.0;Video Editor;7
141;D4;Matematika;SBMPN;77.4;Game Designer;9
142;D3;Pemrograman;SNMPN;564.0;Game Designer;9
143;D3;Statistika;SNMPN;84.7;System Administrator;6
144;D3;Teknik Instalasi Tenaga Listrik (TITL);SBMPTN/SNBT;94.3;Electrical Engineer;1
145;D3;Desain Animasi, Teknologi Komputer Jaringan (TKJ), Multimedia, Matematika;SNMPTN/SNBP;65.2;Multimedia Designer;7
146;D4;Teknik Tenaga Listrik (TTL), Teknologi Komputer Jaringan (TKJ), Matematika, Desain Animasi;SBMPN;87.0;3D Modeler;9
147;D4;Elektronika, Teknologi Komputer Jaringan (TKJ), Pemrograman, Teknik Instalasi Tenaga Listrik (TITL);SNMPTN/SNBP;70.4;Robotics Engineer;5
148;D3;Matematika;SNMPN;89.7;Power Plant Operator;8
149;D3;Teknik Instalasi Tenaga Listrik (TITL), Statistika, Elektronika;SBMPTN/SNBT;648.0;Broadcast Engineer;7
150;D4;Teknik Tenaga Listrik (TTL);SNMPTN/SNBP;85.9;Computer Engineer;6
151;D3;Elektronika, Teknik Tenaga Listrik (TTL), Multimedia, Teknologi Komputer Jaringan (TKJ);SBMPN;68.0;Telecommunications Specialist;2
152;D3;Desain Grafis, Multimedia;SIMANDIRI;94.2;Cloud Engineer;10
153;D3;Kimia;SBMPTN/SNBT;678.0;Cybersecurity Analyst;4
154;D4;Kimia, Fisika, Teknologi Komputer Jaringan (TKJ);SIMANDIRI;741.0;Video Editor;7
155;D3;Desain Animasi, Teknik Tenaga Listrik (TTL);SBMPN;686.0;DevOps Engineer;10
156;D4;Teknik Instalasi Tenaga Listrik (TITL), Pemrograman, Fisika, Desain Grafis;SNMPN;495.0;Renewable Energy Engineer;8
157;D3;Teknik Tenaga Listrik (TTL), Pemrograman, Desain Animasi;SNMPN;584.0;Robotics Engineer;5
158;D3;Kimia;SNMPTN/SNBP;459.0;Cloud Engineer;10
159;D3;Teknik Instalasi Tenaga Listrik (TITL);SIMANDIRI;65.0;Industrial Electrician;3
160;D4;Teknik Instalasi Tenaga Listrik (TITL), Desain Grafis;SBMPN;66.3;Energy Analyst;8
161;D3;Desain Animasi, Kimia, Teknologi Komputer Jaringan (TKJ), Elektronika;SBMPN;674.0;Automation Engineer;5
162;D4;Kimia, Matematika, Desain Animasi, Teknik Tenaga Listrik (TTL);SBMPTN/SNBT;93.5;3D Modeler;9
163;D3;Teknologi Komputer Jaringan (TKJ);SBMPTN/SNBT;69.8;Full Stack Developer;4
164;D3;Fisika, Elektronika, Desain Grafis, Matematika;SBMPTN/SNBT;470.0;DevOps Engineer;10
165;D4;Teknologi Komputer Jaringan (TKJ), Multimedia, Pemrograman, Desain Grafis;SNMPTN/SNBP;74.2;Computer Engineer;6
166;D3;Fisika;SBMPN;730.0;Industrial Electrician;3
167;D3;Desain Grafis, Matematika, Pemrograman;SBMPN;72.9;UI/UX Designer;11
168;D4;Elektronika;SBMPTN/SNBT;92.2;Electronics Technician;1
169;D4;Teknik Instalasi Tenaga Listrik (TITL), Statistika, Teknologi Komputer Jaringan (TKJ), Matematika;SIMANDIRI;94.2;Cybersecurity Analyst;4
170;D4;Pemrograman, Matematika, Kimia, Desain Animasi;SIMANDIRI;79.6;UI/UX Designer;11
171;D4;Teknologi Komputer Jaringan (TKJ), Multimedia, Teknik Instalasi Tenaga Listrik (TITL);SNMPN;635.0;DevOps Engineer;10
172;D3;Kimia, Fisika, Multimedia;SNMPN;455.0;Cloud Engineer;10
173;D3;Elektronika, Desain Grafis, Fisika, Matematika;SBMPTN/SNBT;454.0;Digital Content Creator;11
174;D4;Desain Animasi, Pemrograman, Teknologi Komputer Jaringan (TKJ);SBMPTN/SNBT;745.0;Machine Learning Engineer;12
175;D3;Teknik Tenaga Listrik (TTL), Kimia;SNMPTN/SNBP;90.3;Control Systems Engineer;3
176;D4;Elektronika, Teknik Tenaga Listrik (TTL), Desain Grafis, Teknik Instalasi Tenaga Listrik (TITL);SBMPN;645.0;Electronics Technician;1
177;D4;Desain Animasi, Kimia, Desain Grafis;SBMPTN/SNBT;71.2;Embedded Systems Engineer;1
178;D4;Statistika, Matematika, Desain Grafis;SBMPN;602.0;DevOps Engineer;10
179;D3;Desain Grafis, Teknik Tenaga Listrik (TTL);SBMPTN/SNBT;70.6;Power Plant Operator;8
180;D4;Pemrograman, Fisika;SNMPN;733.0;Robotics Engineer;5
181;D3;Multimedia;SNMPTN/SNBP;93.7;Machine Learning Engineer;12
182;D3;Teknologi Komputer Jaringan (TKJ), Elektronika;SBMPN;725.0;Multimedia Designer;7
183;D3;Desain Grafis;SBMPTN/SNBT;71.9;Game Developer;9
184;D4;Kimia;SBMPTN/SNBT;657.0;Automation Engineer;3
185;D4;Desain Animasi, Matematika, Multimedia, Teknik Tenaga Listrik (TTL);SNMPTN/SNBP;577.0;Mechatronics Specialist;5
186;D3;Statistika, Teknik Tenaga Listrik (TTL), Matematika, Kimia;SNMPTN/SNBP;70.6;Machine Learning Engineer;12
187;D3;Teknik Instalasi Tenaga Listrik (TITL), Desain Grafis, Kimia, Multimedia;SNMPN;530.0;Renewable Energy Engineer;8
188;D4;Matematika, Teknik Tenaga Listrik (TTL), Statistika;SNMPTN/SNBP;648.0;IT Support Specialist;6
189;D3;Desain Animasi, Statistika;SIMANDIRI;89.8;Power Plant Operator;8
190;D3;Pemrograman, Matematika, Teknik Instalasi Tenaga Listrik (TITL);SNMPTN/SNBP;75.9;Industrial Electrician;3
191;D4;Statistika, Desain Grafis;SNMPN;69.3;IT Support Specialist;6
192;D3;Kimia, Pemrograman, Teknik Tenaga Listrik (TTL);SBMPTN/SNBT;496.0;Electronics Technician;1
193;D4;Desain Grafis, Statistika, Elektronika, Matematika;SNMPN;607.0;Video Editor;7
194;D4;Teknologi Komputer Jaringan (TKJ), Matematika, Desain Animasi, Teknik Tenaga Listrik (TTL);SNMPN;72.5;Business Intelligence Analyst;12
195;D3;Multimedia;SBMPN;557.0;Control Systems Engineer;3
196;D4;Kimia, Teknik Tenaga Listrik (TTL), Teknik Instalasi Tenaga Listrik (TITL);SBMPTN/SNBT;81.6;Cloud Engineer;10
197;D4;Fisika;SBMPTN/SNBT;651.0;Motion Graphics Artist;11
198;D4;Teknik Tenaga Listrik (TTL), Matematika, Fisika;SBMPTN/SNBT;460.0;Motion Graphics Artist;11
199;D4;Teknik Tenaga Listrik (TTL);SNMPN;77.6;Renewable Energy Engineer;8
200;D4;Teknik Instalasi Tenaga Listrik (TITL);SNMPTN/SNBP;75.3;Network Engineer;2
201;D3;Teknologi Komputer Jaringan (TKJ);SNMPTN/SNBP;93.5;Electronics Technician;1
202;D4;Desain Animasi;SNMPTN/SNBP;548.0;Industrial Electrician;3
203;D3;Kimia, Fisika, Statistika, Multimedia;SBMPN;78.2;Video Editor;7
204;D4;Multimedia, Teknik Tenaga Listrik (TTL), Kimia;SBMPN;706.0;Automation Engineer;3
205;D3;Desain Grafis, Elektronika, Pemrograman;SIMANDIRI;67.8;Motion Graphics Artist;11
206;D4;Statistika, Matematika, Kimia;SBMPN;461.0;Renewable Energy Engineer;8
207;D4;Elektronika, Kimia;SNMPN;93.2;Telecommunications Specialist;2
208;D4;Desain Grafis, Statistika, Desain Animasi, Elektronika;SBMPTN/SNBT;482.0;Multimedia Designer;7
209;D3;Teknik Instalasi Tenaga Listrik (TITL), Pemrograman;SBMPN;92.2;IT Support Specialist;6
210;D3;Teknik Instalasi Tenaga Listrik (TITL), Teknologi Komputer Jaringan (TKJ), Elektronika;SBMPTN/SNBT;704.0;UI/UX Designer;11
211;D4;Desain Animasi;SBMPTN/SNBT;709.0;Cybersecurity Analyst;4
212;D3;Multimedia, Kimia, Teknologi Komputer Jaringan (TKJ), Matematika;SBMPTN/SNBT;67.1;IT Support Specialist;6
213;D3;Fisika, Teknologi Komputer Jaringan (TKJ), Pemrograman, Desain Grafis;SBMPN;594.0;Full Stack Developer;4
214;D3;Matematika;SNMPTN/SNBP;82.1;Power Plant Operator;8
215;D4;Kimia, Multimedia, Teknik Tenaga Listrik (TTL), Teknik Instalasi Tenaga Listrik (TITL);SBMPTN/SNBT;690.0;Broadcast Engineer;7
216;D4;Pemrograman;SNMPTN/SNBP;77.7;3D Modeler;9
217;D4;Pemrograman;SBMPN;93.6;Video Editor;7
218;D4;Pemrograman, Desain Animasi, Matematika;SBMPN;574.0;Renewable Energy Engineer;8
219;D4;Desain Animasi, Elektronika, Statistika;SBMPN;72.9;Robotics Engineer;5
220;D3;Desain Grafis, Fisika, Teknik Tenaga Listrik (TTL), Pemrograman;SBMPN;665.0;Embedded Systems Engineer;1
221;D4;Pemrograman, Kimia, Statistika;SNMPN;618.0;Mechatronics Specialist;5
222;D4;Fisika, Desain Grafis, Matematika;SNMPTN/SNBP;68.3;Mechatronics Specialist;5
223;D4;Teknologi Komputer Jaringan (TKJ), Matematika, Pemrograman, Kimia;SBMPTN/SNBT;68.3;Control Systems Engineer;3
224;D4;Desain Animasi, Teknologi Komputer Jaringan (TKJ);SNMPTN/SNBP;570.0;Broadcast Engineer;7
225;D4;Teknologi Komputer Jaringan (TKJ);SBMPN;668.0;Game Designer;9
226;D4;Multimedia, Pemrograman, Desain Grafis;SIMANDIRI;91.4;Telecommunications Specialist;2
227;D4;Desain Grafis, Teknik Tenaga Listrik (TTL), Teknik Instalasi Tenaga Listrik (TITL), Kimia;SNMPTN/SNBP;93.1;Game Developer;9
228;D4;Teknik Instalasi Tenaga Listrik (TITL), Pemrograman, Teknik Tenaga Listrik (TTL), Fisika;SNMPTN/SNBP;576.0;Game Designer;9
229;D4;Pemrograman, Desain Grafis, Desain Animasi, Multimedia;SBMPTN/SNBT;551.0;Game Designer;9
230;D3;Elektronika, Desain Animasi;SBMPN;643.0;Machine Learning Engineer;12
231;D4;Teknik Tenaga Listrik (TTL);SNMPTN/SNBP;74.7;Telecommunications Specialist;2
232;D3;Desain Grafis, Matematika, Multimedia, Teknik Instalasi Tenaga Listrik (TITL);SNMPTN/SNBP;676.0;RF Engineer;2
233;D4;Pemrograman, Fisika, Teknik Instalasi Tenaga Listrik (TITL);SBMPTN/SNBT;557.0;System Administrator;6
234;D3;Teknik Tenaga Listrik (TTL), Desain Animasi, Kimia;SNMPTN/SNBP;71.7;Video Editor;7
235;D3;Fisika, Desain Grafis, Teknik Instalasi Tenaga Listrik (TITL);SNMPTN/SNBP;633.0;Industrial Electrician;3
236;D4;Teknik Instalasi Tenaga Listrik (TITL);SNMPTN/SNBP;70.3;Motion Graphics Artist;11
237;D4;Statistika;SBMPTN/SNBT;80.8;Network Engineer;2
238;D4;Elektronika;SBMPTN/SNBT;609.0;Energy Analyst;8
239;D3;Teknik Tenaga Listrik (TTL), Multimedia, Pemrograman;SNMPTN/SNBP;508.0;Computer Engineer;6
240;D3;Matematika;SIMANDIRI;659.0;Automation Engineer;5
241;D3;Teknik Tenaga Listrik (TTL);SNMPTN/SNBP;81.6;IT Support Specialist;6
242;D4;Fisika, Teknik Tenaga Listrik (TTL);SNMPTN/SNBP;518.0;Game Developer;9
243;D3;Elektronika;SNMPTN/SNBP;633.0;System Administrator;6
244;D4;Teknik Instalasi Tenaga Listrik (TITL), Multimedia;SBMPTN/SNBT;88.6;Automation Engineer;3
245;D4;Kimia, Elektronika;SBMPTN/SNBT;67.9;Software Engineer;4
246;D4;Pemrograman, Fisika, Teknik Instalasi Tenaga Listrik (TITL);SNMPN;87.8;Digital Content Creator;11
247;D3;Desain Animasi, Statistika, Fisika;SNMPN;93.7;3D Modeler;9
248;D4;Multimedia, Teknik Instalasi Tenaga Listrik (TITL), Desain Animasi;SBMPN;649.0;Automation Engineer;3
249;D4;Matematika, Multimedia, Fisika, Desain Animasi;SBMPN;86.0;Electrical Engineer;1
250;D3;Teknik Instalasi Tenaga Listrik (TITL), Kimia, Matematika;SIMANDIRI;74.2;RF Engineer;2
251;D3;Fisika, Teknologi Komputer Jaringan (TKJ);SBMPN;591.0;Automation Engineer;5
252;D3;Statistika, Fisika, Multimedia, Kimia;SBMPN;86.1;Electrical Engineer;1
253;D3;Elektronika, Teknik Tenaga Listrik (TTL), Pemrograman;SNMPTN/SNBP;92.1;Multimedia Designer;7
254;D3;Multimedia, Statistika, Teknik Tenaga Listrik (TTL);SIMANDIRI;68.3;Renewable Energy Engineer;8
255;D4;Multimedia;SBMPN;596.0;Game Developer;9
256;D4;Teknologi Komputer Jaringan (TKJ);SIMANDIRI;727.0;Network Engineer;2
257;D4;Fisika, Desain Grafis, Pemrograman;SBMPN;624.0;Telecommunications Specialist;2
258;D3;Teknologi Komputer Jaringan (TKJ);SNMPTN/SNBP;80.4;RF Engineer;2
259;D3;Fisika;SBMPN;89.2;Digital Content Creator;11
260;D4;Matematika;SNMPN;595.0;Industrial Electrician;3
261;D4;Desain Grafis, Multimedia, Pemrograman;SNMPN;569.0;Electrical Engineer;1
262;D4;Fisika, Desain Grafis, Teknik Instalasi Tenaga Listrik (TITL);SNMPTN/SNBP;91.7;DevOps Engineer;10
263;D4;Matematika, Elektronika;SBMPN;494.0;Energy Analyst;8
264;D3;Matematika;SIMANDIRI;69.3;Network Engineer;2
265;D3;Statistika, Matematika, Desain Animasi, Teknik Instalasi Tenaga Listrik (TITL);SBMPTN/SNBT;635.0;Electrical Engineer;1
266;D4;Multimedia;SBMPTN/SNBT;83.6;Machine Learning Engineer;12
267;D4;Teknologi Komputer Jaringan (TKJ), Multimedia;SNMPN;78.4;Embedded Systems Engineer;1
268;D4;Statistika, Kimia, Teknik Instalasi Tenaga Listrik (TITL);SBMPN;79.3;Electrical Engineer;1
269;D4;Fisika, Pemrograman, Teknologi Komputer Jaringan (TKJ);SNMPN;71.7;Energy Analyst;8
270;D4;Pemrograman;SBMPTN/SNBT;456.0;Automation Engineer;5
271;D3;Statistika, Fisika;SBMPTN/SNBT;89.4;Industrial Electrician;3
272;D4;Multimedia, Desain Animasi, Teknik Tenaga Listrik (TTL), Fisika;SBMPN;493.0;Control Systems Engineer;3
273;D3;Kimia;SBMPN;88.2;Cybersecurity Analyst;4
274;D4;Matematika, Teknik Instalasi Tenaga Listrik (TITL), Statistika, Teknik Tenaga Listrik (TTL);SBMPN;661.0;Data Scientist;12
275;D3;Multimedia, Desain Grafis;SNMPTN/SNBP;82.7;Full Stack Developer;4
276;D4;Multimedia, Teknologi Komputer Jaringan (TKJ);SNMPTN/SNBP;74.1;Motion Graphics Artist;11
277;D4;Teknik Instalasi Tenaga Listrik (TITL), Desain Animasi, Matematika, Statistika;SBMPN;93.2;Video Editor;7
278;D4;Kimia;SBMPTN/SNBT;81.3;Data Scientist;12
279;D4;Kimia, Multimedia;SNMPTN/SNBP;453.0;Telecommunications Specialist;2
280;D4;Matematika, Teknik Tenaga Listrik (TTL), Elektronika;SNMPTN/SNBP;505.0;Data Scientist;12
281;D4;Statistika, Teknik Tenaga Listrik (TTL);SNMPN;67.3;Embedded Systems Engineer;1
282;D3;Desain Animasi, Teknik Instalasi Tenaga Listrik (TITL), Matematika, Desain Grafis;SBMPTN/SNBT;94.8;Network Security Specialist;10
283;D3;Teknologi Komputer Jaringan (TKJ), Desain Grafis;SIMANDIRI;89.3;DevOps Engineer;10
284;D3;Teknik Tenaga Listrik (TTL), Teknologi Komputer Jaringan (TKJ), Statistika;SNMPN;708.0;Cloud Engineer;10
285;D3;Pemrograman, Elektronika, Desain Animasi;SBMPTN/SNBT;87.6;Industrial Electrician;3
286;D3;Fisika, Pemrograman, Teknik Tenaga Listrik (TTL);SBMPTN/SNBT;76.0;Motion Graphics Artist;11
287;D3;Desain Grafis;SNMPTN/SNBP;83.0;Renewable Energy Engineer;8
288;D4;Desain Animasi, Teknik Tenaga Listrik (TTL), Kimia;SBMPTN/SNBT;586.0;Cloud Engineer;10
289;D4;Statistika, Teknik Tenaga Listrik (TTL), Teknologi Komputer Jaringan (TKJ), Kimia;SBMPTN/SNBT;81.3;Robotics Engineer;5
290;D4;Teknik Instalasi Tenaga Listrik (TITL);SIMANDIRI;505.0;RF Engineer;2
291;D3;Fisika, Statistika, Desain Animasi, Matematika;SBMPTN/SNBT;74.4;Video Editor;7
292;D3;Matematika, Pemrograman;SNMPN;465.0;Computer Engineer;6
293;D4;Teknik Instalasi Tenaga Listrik (TITL), Matematika, Teknologi Komputer Jaringan (TKJ);SBMPTN/SNBT;680.0;Digital Content Creator;11
294;D4;Desain Animasi, Kimia, Desain Grafis, Teknik Instalasi Tenaga Listrik (TITL);SNMPN;72.7;Computer Engineer;6
295;D4;Elektronika, Fisika, Pemrograman;SNMPTN/SNBP;632.0;RF Engineer;2
296;D3;Pemrograman, Fisika, Teknologi Komputer Jaringan (TKJ), Desain Grafis;SBMPN;92.9;Electronics Technician;1
297;D3;Statistika;SNMPN;661.0;3D Modeler;9
298;D3;Statistika, Multimedia, Elektronika, Teknologi Komputer Jaringan (TKJ);SNMPN;681.0;Multimedia Designer;7
299;D3;Multimedia, Desain Grafis, Matematika;SBMPTN/SNBT;88.6;Automation Engineer;3
300;D3;Pemrograman, Kimia;SBMPTN/SNBT;74.7;Network Security Specialist;10
301;D4;Pemrograman, Statistika, Kimia, Elektronika;SBMPTN/SNBT;734.0;RF Engineer;2
302;D3;Elektronika, Multimedia;SIMANDIRI;579.0;Electronics Technician;1
303;D4;Teknologi Komputer Jaringan (TKJ);SBMPTN/SNBT;486.0;Multimedia Designer;7
304;D3;Matematika;SIMANDIRI;74.5;UI/UX Designer;11
305;D4;Matematika, Statistika, Teknik Instalasi Tenaga Listrik (TITL);SIMANDIRI;89.9;Network Security Specialist;10
306;D3;Pemrograman, Elektronika, Matematika;SNMPN;747.0;Robotics Engineer;5
307;D3;Teknologi Komputer Jaringan (TKJ), Statistika;SIMANDIRI;712.0;Industrial Electrician;3
308;D4;Teknik Instalasi Tenaga Listrik (TITL), Multimedia, Teknik Tenaga Listrik (TTL);SNMPTN/SNBP;80.6;Business Intelligence Analyst;12
309;D4;Fisika;SNMPTN/SNBP;93.1;Game Developer;9
310;D3;Desain Animasi, Teknik Tenaga Listrik (TTL), Fisika, Teknik Instalasi Tenaga Listrik (TITL);SNMPTN/SNBP;92.4;3D Modeler;9
311;D3;Teknik Tenaga Listrik (TTL), Statistika, Desain Animasi;SBMPN;75.8;Robotics Engineer;5
312;D4;Fisika, Desain Animasi, Statistika, Kimia;SNMPN;90.4;Automation Engineer;5
313;D4;Desain Animasi, Elektronika, Kimia;SNMPTN/SNBP;735.0;Broadcast Engineer;7
314;D3;Pemrograman, Desain Grafis, Statistika;SBMPN;523.0;Digital Content Creator;11
315;D4;Teknik Tenaga Listrik (TTL);SNMPTN/SNBP;72.1;Business Intelligence Analyst;12
316;D4;Matematika, Elektronika;SBMPTN/SNBT;598.0;Cybersecurity Analyst;4
317;D4;Desain Animasi, Teknik Tenaga Listrik (TTL), Statistika;SBMPTN/SNBT;543.0;Machine Learning Engineer;12
318;D4;Teknologi Komputer Jaringan (TKJ), Teknik Tenaga Listrik (TTL);SBMPN;66.2;Computer Engineer;6
319;D3;Pemrograman;SBMPN;557.0;Digital Content Creator;11
320;D4;Teknologi Komputer Jaringan (TKJ), Elektronika;SNMPTN/SNBP;91.6;Data Scientist;12
321;D4;Teknik Tenaga Listrik (TTL), Fisika, Elektronika, Matematika;SNMPTN/SNBP;71.3;DevOps Engineer;10
322;D4;Pemrograman;SBMPTN/SNBT;504.0;IT Support Specialist;6
323;D4;Statistika, Desain Grafis, Pemrograman, Teknologi Komputer Jaringan (TKJ);SBMPTN/SNBT;458.0;Cloud Engineer;10
324;D3;Teknik Tenaga Listrik (TTL), Desain Grafis, Kimia;SBMPN;524.0;Game Designer;9
325;D4;Kimia;SNMPN;77.6;IT Support Specialist;6
326;D3;Desain Animasi;SBMPTN/SNBT;725.0;Electronics Technician;1
327;D4;Desain Grafis;SBMPTN/SNBT;745.0;DevOps Engineer;10
328;D4;Desain Grafis, Teknik Tenaga Listrik (TTL);SNMPTN/SNBP;71.5;Control Systems Engineer;3
329;D4;Matematika;SBMPTN/SNBT;71.2;Network Security Specialist;10
330;D3;Desain Grafis, Statistika;SNMPTN/SNBP;620.0;Automation Engineer;3
331;D4;Desain Animasi, Teknik Tenaga Listrik (TTL);SBMPTN/SNBT;85.0;Renewable Energy Engineer;8
332;D3;Teknik Instalasi Tenaga Listrik (TITL), Teknologi Komputer Jaringan (TKJ), Desain Animasi, Teknik Tenaga Listrik (TTL);SBMPN;595.0;Full Stack Developer;4
333;D4;Pemrograman;SNMPN;90.1;3D Modeler;9
334;D4;Desain Animasi, Multimedia, Elektronika;SBMPN;70.5;Robotics Engineer;5
335;D3;Teknologi Komputer Jaringan (TKJ), Desain Grafis, Elektronika;SNMPTN/SNBP;65.2;Digital Content Creator;11
336;D4;Multimedia;SNMPTN/SNBP;94.7;Game Developer;9
337;D3;Fisika, Pemrograman, Desain Animasi, Multimedia;SBMPTN/SNBT;453.0;Game Designer;9
338;D3;Teknik Tenaga Listrik (TTL);SNMPTN/SNBP;91.2;Power Plant Operator;8
339;D4;Statistika, Fisika, Teknik Instalasi Tenaga Listrik (TITL);SBMPTN/SNBT;89.0;Cloud Engineer;10
340;D4;Fisika, Teknik Tenaga Listrik (TTL);SBMPTN/SNBT;88.9;Electrical Engineer;1
341;D4;Desain Grafis, Matematika;SNMPTN/SNBP;85.3;UI/UX Designer;11
342;D4;Desain Grafis, Teknologi Komputer Jaringan (TKJ), Fisika, Matematika;SNMPTN/SNBP;601.0;Full Stack Developer;4
343;D3;Pemrograman, Teknik Tenaga Listrik (TTL), Kimia;SNMPTN/SNBP;66.2;Embedded Systems Engineer;1
344;D4;Elektronika, Teknik Instalasi Tenaga Listrik (TITL), Desain Animasi;SNMPTN/SNBP;77.8;Digital Content Creator;11
345;D3;Teknik Tenaga Listrik (TTL), Pemrograman, Elektronika, Teknologi Komputer Jaringan (TKJ);SBMPTN/SNBT;479.0;Industrial Electrician;3
346;D3;Teknik Tenaga Listrik (TTL), Multimedia;SNMPTN/SNBP;460.0;Motion Graphics Artist;11
347;D4;Kimia, Statistika;SIMANDIRI;85.5;Broadcast Engineer;7
348;D4;Teknik Tenaga Listrik (TTL), Kimia;SNMPTN/SNBP;90.9;Automation Engineer;3
349;D4;Elektronika, Desain Grafis, Fisika, Multimedia;SIMANDIRI;566.0;Network Engineer;2
350;D3;Desain Grafis, Teknologi Komputer Jaringan (TKJ), Elektronika;SBMPTN/SNBT;722.0;Telecommunications Specialist;2
351;D3;Matematika, Multimedia, Kimia;SNMPN;86.5;Full Stack Developer;4
352;D4;Multimedia, Kimia, Pemrograman;SBMPTN/SNBT;660.0;Broadcast Engineer;7
353;D4;Multimedia;SNMPN;741.0;Game Developer;9
354;D4;Elektronika, Multimedia, Teknologi Komputer Jaringan (TKJ), Desain Animasi;SBMPN;454.0;Energy Analyst;8
355;D3;Desain Animasi;SBMPN;716.0;Game Designer;9
356;D3;Teknik Tenaga Listrik (TTL), Teknik Instalasi Tenaga Listrik (TITL);SBMPTN/SNBT;93.8;Business Intelligence Analyst;12
357;D4;Teknik Tenaga Listrik (TTL), Teknik Instalasi Tenaga Listrik (TITL), Statistika;SBMPTN/SNBT;505.0;Power Plant Operator;8
358;D4;Multimedia;SBMPN;84.6;Electrical Engineer;1
359;D4;Matematika, Teknik Tenaga Listrik (TTL), Fisika;SNMPN;93.2;Control Systems Engineer;3
360;D4;Teknik Instalasi Tenaga Listrik (TITL), Multimedia, Desain Grafis;SNMPN;611.0;Embedded Systems Engineer;1
361;D3;Desain Grafis, Teknik Tenaga Listrik (TTL);SBMPN;667.0;Robotics Engineer;5
362;D3;Teknik Tenaga Listrik (TTL), Teknologi Komputer Jaringan (TKJ), Elektronika;SNMPTN/SNBP;84.0;Full Stack Developer;4
363;D3;Desain Animasi, Fisika, Teknologi Komputer Jaringan (TKJ), Multimedia;SNMPTN/SNBP;620.0;Digital Content Creator;11
364;D4;Teknologi Komputer Jaringan (TKJ);SBMPN;93.5;Embedded Systems Engineer;1
365;D4;Matematika, Desain Animasi;SNMPTN/SNBP;635.0;Game Developer;9
366;D3;Teknik Instalasi Tenaga Listrik (TITL), Multimedia, Desain Animasi;SNMPTN/SNBP;691.0;Business Intelligence Analyst;12
367;D3;Desain Animasi, Kimia;SNMPTN/SNBP;79.7;Business Intelligence Analyst;12
368;D4;Multimedia, Teknik Instalasi Tenaga Listrik (TITL), Fisika;SBMPN;676.0;Control Systems Engineer;3
369;D3;Fisika, Multimedia, Desain Grafis, Kimia;SIMANDIRI;92.0;Full Stack Developer;4
370;D4;Fisika, Pemrograman;SBMPN;67.0;Digital Content Creator;11
371;D4;Kimia;SNMPTN/SNBP;65.3;Motion Graphics Artist;11
372;D4;Teknik Tenaga Listrik (TTL), Teknologi Komputer Jaringan (TKJ);SBMPN;90.2;3D Modeler;9
373;D3;Multimedia, Fisika, Teknologi Komputer Jaringan (TKJ);SBMPTN/SNBT;719.0;Embedded Systems Engineer;1
374;D4;Statistika, Multimedia, Pemrograman, Teknik Instalasi Tenaga Listrik (TITL);SBMPTN/SNBT;94.0;Energy Analyst;8
375;D3;Elektronika;SBMPN;596.0;Game Developer;9
376;D3;Statistika, Multimedia, Teknik Instalasi Tenaga Listrik (TITL), Pemrograman;SBMPN;88.2;Automation Engineer;3
377;D4;Kimia, Fisika, Multimedia;SIMANDIRI;745.0;Automation Engineer;3
378;D3;Multimedia, Teknik Instalasi Tenaga Listrik (TITL);SNMPTN/SNBP;82.3;RF Engineer;2
379;D3;Teknik Instalasi Tenaga Listrik (TITL), Desain Animasi;SNMPTN/SNBP;83.0;Computer Engineer;6
380;D3;Multimedia;SNMPTN/SNBP;84.2;Machine Learning Engineer;12
381;D4;Statistika, Fisika, Teknologi Komputer Jaringan (TKJ), Teknik Tenaga Listrik (TTL);SNMPN;85.8;Network Security Specialist;10
382;D4;Pemrograman, Teknik Instalasi Tenaga Listrik (TITL), Fisika, Teknologi Komputer Jaringan (TKJ);SBMPTN/SNBT;89.4;Machine Learning Engineer;12
383;D4;Fisika, Teknologi Komputer Jaringan (TKJ), Teknik Instalasi Tenaga Listrik (TITL), Kimia;SBMPN;667.0;Embedded Systems Engineer;1
384;D3;Pemrograman, Fisika;SBMPN;714.0;Robotics Engineer;5
385;D3;Statistika, Kimia;SNMPTN/SNBP;83.5;UI/UX Designer;11
386;D4;Fisika;SNMPN;565.0;Computer Engineer;6
387;D3;Teknik Tenaga Listrik (TTL), Desain Animasi;SIMANDIRI;91.7;RF Engineer;2
388;D3;Fisika, Elektronika;SBMPN;651.0;Automation Engineer;3
389;D3;Statistika;SBMPN;91.1;Automation Engineer;3
390;D4;Statistika, Multimedia, Teknologi Komputer Jaringan (TKJ);SBMPN;728.0;Business Intelligence Analyst;12
391;D4;Fisika, Multimedia, Desain Animasi;SBMPTN/SNBT;743.0;Power Plant Operator;8
392;D4;Teknik Instalasi Tenaga Listrik (TITL), Matematika;SNMPTN/SNBP;486.0;Data Scientist;12
393;D3;Elektronika, Teknik Tenaga Listrik (TTL);SBMPTN/SNBT;667.0;RF Engineer;2
394;D3;Teknik Instalasi Tenaga Listrik (TITL);SBMPTN/SNBT;526.0;Power Plant Operator;8
395;D4;Teknologi Komputer Jaringan (TKJ), Kimia, Statistika, Pemrograman;SNMPN;680.0;Control Systems Engineer;3
396;D3;Desain Animasi;SNMPN;722.0;Network Security Specialist;10
397;D4;Desain Grafis, Teknologi Komputer Jaringan (TKJ);SIMANDIRI;65.7;UI/UX Designer;11
398;D4;Multimedia, Statistika, Matematika, Elektronika;SNMPN;66.2;Game Developer;9
399;D4;Fisika;SNMPTN/SNBP;590.0;Cybersecurity Analyst;4
400;D3;Desain Grafis, Multimedia;SBMPTN/SNBT;600.0;Control Systems Engineer;3
401;D4;Kimia;SBMPN;65.3;Power Plant Operator;8
402;D4;Fisika, Matematika, Desain Grafis;SNMPTN/SNBP;92.3;3D Modeler;9
403;D4;Desain Animasi, Elektronika;SNMPTN/SNBP;74.8;Network Engineer;2
404;D4;Elektronika, Pemrograman, Matematika;SBMPN;90.1;Full Stack Developer;4
405;D3;Matematika;SNMPN;80.3;Renewable Energy Engineer;8
406;D4;Elektronika;SNMPTN/SNBP;711.0;Electrical Engineer;1
407;D3;Desain Animasi;SNMPTN/SNBP;639.0;Embedded Systems Engineer;1
408;D3;Matematika, Pemrograman, Elektronika, Fisika;SNMPN;72.4;Industrial Electrician;3
409;D4;Matematika, Teknologi Komputer Jaringan (TKJ), Fisika;SNMPTN/SNBP;70.9;Game Designer;9
410;D4;Pemrograman;SNMPTN/SNBP;83.5;Data Scientist;12
411;D3;Desain Grafis, Teknologi Komputer Jaringan (TKJ), Kimia, Pemrograman;SBMPN;593.0;Multimedia Designer;7
412;D4;Teknik Tenaga Listrik (TTL), Teknologi Komputer Jaringan (TKJ), Teknik Instalasi Tenaga Listrik (TITL);SBMPTN/SNBT;94.1;Software Engineer;4
413;D4;Teknik Instalasi Tenaga Listrik (TITL), Fisika;SNMPTN/SNBP;561.0;Motion Graphics Artist;11
414;D4;Kimia, Teknologi Komputer Jaringan (TKJ), Teknik Tenaga Listrik (TTL), Desain Animasi;SNMPTN/SNBP;553.0;Automation Engineer;5
415;D4;Desain Animasi, Multimedia, Teknik Tenaga Listrik (TTL);SNMPTN/SNBP;629.0;System Administrator;6
416;D3;Desain Grafis, Pemrograman, Statistika, Fisika;SNMPTN/SNBP;69.4;IT Support Specialist;6
417;D4;Desain Grafis, Pemrograman;SNMPTN/SNBP;484.0;Cloud Engineer;10
418;D3;Teknologi Komputer Jaringan (TKJ), Multimedia;SNMPTN/SNBP;85.2;Cloud Engineer;10
419;D4;Teknik Tenaga Listrik (TTL), Fisika, Desain Animasi;SBMPTN/SNBT;457.0;Software Engineer;4
420;D4;Elektronika, Desain Animasi;SNMPN;494.0;DevOps Engineer;10
421;D4;Statistika, Teknologi Komputer Jaringan (TKJ), Elektronika;SBMPTN/SNBT;515.0;Video Editor;7
422;D4;Desain Animasi, Teknologi Komputer Jaringan (TKJ), Kimia;SIMANDIRI;505.0;Computer Engineer;6
423;D3;Desain Grafis, Statistika, Pemrograman;SBMPTN/SNBT;85.2;Video Editor;7
424;D4;Teknologi Komputer Jaringan (TKJ), Elektronika;SBMPTN/SNBT;545.0;Cloud Engineer;10
425;D3;Matematika, Teknologi Komputer Jaringan (TKJ), Fisika;SBMPN;94.3;Digital Content Creator;11
426;D3;Pemrograman, Desain Animasi, Teknik Tenaga Listrik (TTL);SBMPN;79.6;Renewable Energy Engineer;8
427;D4;Multimedia, Pemrograman, Teknologi Komputer Jaringan (TKJ), Desain Animasi;SNMPTN/SNBP;79.6;IT Support Specialist;6
428;D3;Teknik Instalasi Tenaga Listrik (TITL), Multimedia, Teknologi Komputer Jaringan (TKJ);SBMPTN/SNBT;517.0;Cybersecurity Analyst;4
429;D4;Teknik Tenaga Listrik (TTL), Multimedia, Desain Grafis, Statistika;SNMPTN/SNBP;85.5;Automation Engineer;5
430;D4;Matematika, Multimedia, Teknik Tenaga Listrik (TTL), Desain Grafis;SNMPTN/SNBP;78.3;Motion Graphics Artist;11
431;D4;Matematika;SBMPTN/SNBT;526.0;Software Engineer;4
432;D4;Desain Grafis;SBMPN;518.0;Automation Engineer;5
433;D3;Teknik Tenaga Listrik (TTL), Fisika, Kimia, Multimedia;SBMPTN/SNBT;91.3;Broadcast Engineer;7
434;D4;Kimia, Desain Grafis, Desain Animasi, Statistika;SNMPTN/SNBP;66.3;Automation Engineer;3
435;D4;Teknik Tenaga Listrik (TTL), Elektronika;SBMPN;643.0;Automation Engineer;5
436;D4;Kimia, Multimedia;SNMPN;73.6;Network Security Specialist;10
437;D3;Teknologi Komputer Jaringan (TKJ), Teknik Instalasi Tenaga Listrik (TITL), Teknik Tenaga Listrik (TTL), Pemrograman;SNMPTN/SNBP;76.4;RF Engineer;2
438;D4;Kimia, Desain Grafis, Fisika;SBMPN;83.1;Multimedia Designer;7
439;D4;Matematika, Elektronika;SBMPN;463.0;Network Engineer;2
440;D4;Desain Animasi, Statistika, Teknik Instalasi Tenaga Listrik (TITL), Teknik Tenaga Listrik (TTL);SBMPTN/SNBT;496.0;Embedded Systems Engineer;1
441;D4;Desain Grafis, Matematika, Elektronika;SBMPTN/SNBT;711.0;Telecommunications Specialist;2
442;D4;Fisika, Teknik Instalasi Tenaga Listrik (TITL), Desain Grafis, Matematika;SNMPTN/SNBP;93.9;Industrial Electrician;3
443;D4;Desain Grafis, Teknologi Komputer Jaringan (TKJ);SBMPN;92.1;Energy Analyst;8
444;D4;Multimedia, Pemrograman;SNMPN;77.9;DevOps Engineer;10
445;D3;Desain Grafis, Fisika, Teknik Instalasi Tenaga Listrik (TITL);SBMPN;513.0;Energy Analyst;8
446;D3;Teknik Tenaga Listrik (TTL), Teknologi Komputer Jaringan (TKJ);SNMPTN/SNBP;80.2;Software Engineer;4
447;D3;Teknik Instalasi Tenaga Listrik (TITL);SIMANDIRI;89.2;DevOps Engineer;10
448;D4;Teknik Tenaga Listrik (TTL), Desain Animasi, Multimedia;SNMPN;73.9;Game Designer;9
449;D4;Pemrograman, Elektronika, Matematika, Fisika;SNMPN;538.0;Motion Graphics Artist;11
450;D4;Desain Grafis, Pemrograman, Teknik Tenaga Listrik (TTL);SNMPN;712.0;Game Developer;9
451;D4;Multimedia, Elektronika, Matematika, Desain Animasi;SBMPTN/SNBT;538.0;Renewable Energy Engineer;8
452;D4;Matematika, Fisika, Teknik Tenaga Listrik (TTL), Teknik Instalasi Tenaga Listrik (TITL);SNMPN;73.6;System Administrator;6
453;D4;Desain Animasi;SBMPN;628.0;Power Plant Operator;8
454;D3;Multimedia, Kimia, Matematika;SBMPN;66.5;Business Intelligence Analyst;12
455;D4;Matematika;SBMPTN/SNBT;549.0;Digital Content Creator;11
456;D4;Teknik Instalasi Tenaga Listrik (TITL);SNMPN;650.0;Game Designer;9
457;D4;Matematika, Statistika, Teknik Instalasi Tenaga Listrik (TITL), Multimedia;SNMPN;81.9;RF Engineer;2
458;D4;Teknik Tenaga Listrik (TTL);SNMPN;69.2;RF Engineer;2
459;D3;Multimedia, Fisika, Teknologi Komputer Jaringan (TKJ), Desain Grafis;SBMPN;705.0;Cloud Engineer;10
460;D4;Matematika, Elektronika, Teknik Tenaga Listrik (TTL);SNMPTN/SNBP;69.2;Power Plant Operator;8
461;D4;Teknik Tenaga Listrik (TTL), Matematika, Pemrograman, Elektronika;SBMPTN/SNBT;85.5;Full Stack Developer;4
462;D4;Desain Grafis, Fisika;SNMPN;71.5;UI/UX Designer;11
463;D3;Fisika;SNMPTN/SNBP;720.0;Game Designer;9
464;D4;Statistika, Pemrograman, Teknik Instalasi Tenaga Listrik (TITL);SBMPTN/SNBT;85.0;Game Designer;9
465;D3;Elektronika;SNMPTN/SNBP;695.0;Robotics Engineer;5
466;D4;Teknik Tenaga Listrik (TTL), Matematika, Fisika;SBMPN;470.0;Software Engineer;4
467;D3;Multimedia, Teknik Instalasi Tenaga Listrik (TITL), Teknologi Komputer Jaringan (TKJ);SBMPTN/SNBT;82.5;Video Editor;7
468;D4;Matematika;SBMPTN/SNBT;502.0;Control Systems Engineer;3
469;D4;Desain Animasi, Matematika;SNMPN;74.1;Motion Graphics Artist;11
470;D4;Statistika, Multimedia;SNMPTN/SNBP;479.0;Digital Content Creator;11
471;D4;Kimia, Desain Animasi, Teknik Tenaga Listrik (TTL), Multimedia;SNMPTN/SNBP;592.0;Control Systems Engineer;3
472;D4;Multimedia, Matematika;SNMPTN/SNBP;632.0;IT Support Specialist;6
473;D4;Teknik Instalasi Tenaga Listrik (TITL), Multimedia, Statistika, Desain Grafis;SNMPTN/SNBP;477.0;Network Engineer;2
474;D3;Teknologi Komputer Jaringan (TKJ), Statistika, Multimedia;SBMPN;625.0;Video Editor;7
475;D4;Matematika, Desain Animasi;SBMPN;602.0;Robotics Engineer;5
476;D4;Desain Grafis;SNMPN;67.8;RF Engineer;2
477;D3;Multimedia, Teknik Tenaga Listrik (TTL), Teknologi Komputer Jaringan (TKJ), Elektronika;SNMPTN/SNBP;628.0;Multimedia Designer;7
478;D4;Elektronika;SBMPTN/SNBT;642.0;Power Plant Operator;8
479;D3;Statistika, Multimedia;SNMPTN/SNBP;67.8;Business Intelligence Analyst;12
480;D4;Teknologi Komputer Jaringan (TKJ), Elektronika, Pemrograman;SBMPN;504.0;Software Engineer;4
481;D3;Statistika;SIMANDIRI;65.0;3D Modeler;9
482;D4;Statistika, Pemrograman, Elektronika, Teknologi Komputer Jaringan (TKJ);SNMPN;492.0;Automation Engineer;3
483;D3;Teknik Tenaga Listrik (TTL), Pemrograman;SBMPTN/SNBT;75.5;Control Systems Engineer;3
484;D3;Statistika, Teknik Instalasi Tenaga Listrik (TITL), Teknologi Komputer Jaringan (TKJ), Pemrograman;SBMPN;490.0;Broadcast Engineer;7
485;D4;Matematika;SBMPN;585.0;Telecommunications Specialist;2
486;D4;Teknik Tenaga Listrik (TTL);SBMPTN/SNBT;79.6;Game Designer;9
487;D4;Fisika, Kimia, Teknologi Komputer Jaringan (TKJ);SNMPN;506.0;Control Systems Engineer;3
488;D4;Teknologi Komputer Jaringan (TKJ);SNMPTN/SNBP;70.1;Software Engineer;4
489;D4;Multimedia, Desain Grafis, Teknologi Komputer Jaringan (TKJ);SBMPTN/SNBT;469.0;Multimedia Designer;7
490;D4;Multimedia, Matematika;SIMANDIRI;69.6;Machine Learning Engineer;12
491;D3;Matematika;SBMPTN/SNBT;464.0;Cloud Engineer;10
492;D4;Matematika, Teknologi Komputer Jaringan (TKJ), Teknik Tenaga Listrik (TTL);SNMPN;616.0;Energy Analyst;8
493;D4;Kimia;SNMPTN/SNBP;91.5;Game Developer;9
494;D4;Teknik Tenaga Listrik (TTL), Elektronika, Teknik Instalasi Tenaga Listrik (TITL), Matematika;SNMPTN/SNBP;574.0;Network Security Specialist;10
495;D3;Teknik Tenaga Listrik (TTL), Multimedia, Matematika;SNMPN;75.1;Electrical Engineer;1
496;D3;Kimia, Teknik Tenaga Listrik (TTL);SNMPN;562.0;Robotics Engineer;5
497;D4;Pemrograman;SBMPN;536.0;Automation Engineer;3
498;D3;Elektronika, Fisika, Matematika;SNMPTN/SNBP;464.0;Software Engineer;4
499;D4;Matematika, Kimia, Desain Animasi, Teknologi Komputer Jaringan (TKJ);SNMPTN/SNBP;84.2;Network Security Specialist;10
500;D3;Teknologi Komputer Jaringan (TKJ), Desain Grafis, Kimia, Matematika;SNMPN;71.7;Business Intelligence Analyst;12
501;D3;Teknik Instalasi Tenaga Listrik (TITL), Fisika, Teknologi Komputer Jaringan (TKJ), Multimedia;SBMPTN/SNBT;91.8;Energy Analyst;8
502;D3;Pemrograman, Teknik Instalasi Tenaga Listrik (TITL), Fisika, Statistika;SIMANDIRI;550.0;Motion Graphics Artist;11
503;D3;Teknologi Komputer Jaringan (TKJ), Multimedia, Matematika;SBMPTN/SNBT;91.2;Network Security Specialist;10
504;D4;Multimedia;SBMPN;72.4;RF Engineer;2
505;D3;Multimedia, Kimia, Teknologi Komputer Jaringan (TKJ), Desain Grafis;SBMPTN/SNBT;484.0;Business Intelligence Analyst;12
506;D3;Kimia, Teknologi Komputer Jaringan (TKJ);SBMPN;89.1;Broadcast Engineer;7
507;D3;Pemrograman, Kimia;SBMPN;523.0;Multimedia Designer;7
508;D4;Desain Grafis, Kimia, Multimedia;SNMPTN/SNBP;494.0;Industrial Electrician;3
509;D3;Statistika, Matematika, Kimia, Fisika;SNMPN;80.9;Game Developer;9
510;D3;Multimedia, Desain Grafis, Teknik Tenaga Listrik (TTL);SNMPTN/SNBP;557.0;UI/UX Designer;11
511;D4;Statistika, Matematika, Pemrograman;SNMPN;85.2;Network Security Specialist;10
512;D4;Multimedia, Matematika, Elektronika, Desain Grafis;SBMPN;517.0;Game Developer;9
513;D3;Multimedia, Kimia, Teknik Instalasi Tenaga Listrik (TITL), Desain Grafis;SBMPTN/SNBT;508.0;Industrial Electrician;3
514;D4;Desain Grafis, Teknik Tenaga Listrik (TTL), Multimedia;SIMANDIRI;80.7;Cybersecurity Analyst;4
515;D4;Kimia, Multimedia, Teknologi Komputer Jaringan (TKJ), Statistika;SBMPTN/SNBT;84.8;Control Systems Engineer;3
516;D3;Fisika, Pemrograman, Teknologi Komputer Jaringan (TKJ);SNMPTN/SNBP;82.1;Game Developer;9
517;D4;Teknik Instalasi Tenaga Listrik (TITL), Statistika;SNMPN;93.3;Automation Engineer;5
518;D3;Kimia, Matematika, Desain Animasi, Statistika;SBMPTN/SNBT;519.0;Digital Content Creator;11
519;D3;Multimedia, Matematika;SBMPTN/SNBT;580.0;Renewable Energy Engineer;8
520;D4;Desain Animasi, Pemrograman, Desain Grafis;SNMPTN/SNBP;89.4;Industrial Electrician;3
521;D3;Desain Animasi;SNMPTN/SNBP;71.0;Industrial Electrician;3
522;D3;Teknik Tenaga Listrik (TTL), Teknologi Komputer Jaringan (TKJ);SNMPTN/SNBP;89.6;Renewable Energy Engineer;8
523;D3;Matematika;SBMPTN/SNBT;65.8;RF Engineer;2
524;D3;Elektronika, Desain Grafis, Teknologi Komputer Jaringan (TKJ);SBMPN;80.3;Industrial Electrician;3
525;D4;Kimia, Teknologi Komputer Jaringan (TKJ);SIMANDIRI;90.3;Power Plant Operator;8
526;D3;Teknologi Komputer Jaringan (TKJ), Matematika;SNMPTN/SNBP;699.0;Motion Graphics Artist;11
527;D4;Multimedia, Matematika, Elektronika;SBMPTN/SNBT;536.0;Cybersecurity Analyst;4
528;D4;Teknik Instalasi Tenaga Listrik (TITL), Matematika, Teknik Tenaga Listrik (TTL), Desain Animasi;SBMPN;67.1;Energy Analyst;8
529;D4;Teknik Instalasi Tenaga Listrik (TITL);SNMPN;724.0;Network Engineer;2
530;D3;Matematika, Statistika, Pemrograman;SNMPTN/SNBP;627.0;Control Systems Engineer;3
531;D3;Teknik Instalasi Tenaga Listrik (TITL), Teknik Tenaga Listrik (TTL);SNMPTN/SNBP;568.0;Motion Graphics Artist;11
532;D3;Fisika, Elektronika, Matematika, Teknologi Komputer Jaringan (TKJ);SNMPTN/SNBP;88.8;Automation Engineer;5
533;D3;Fisika, Multimedia, Elektronika;SNMPTN/SNBP;77.1;Software Engineer;4
534;D3;Matematika;SNMPTN/SNBP;722.0;Power Plant Operator;8
535;D3;Fisika, Desain Animasi;SIMANDIRI;74.3;Game Developer;9
536;D3;Desain Animasi, Teknik Instalasi Tenaga Listrik (TITL);SNMPN;522.0;Network Security Specialist;10
537;D3;Statistika, Matematika, Teknik Tenaga Listrik (TTL);SNMPTN/SNBP;721.0;Full Stack Developer;4
538;D4;Elektronika, Fisika, Statistika, Desain Animasi;SBMPN;691.0;Robotics Engineer;5
539;D3;Elektronika, Kimia, Teknik Instalasi Tenaga Listrik (TITL), Statistika;SNMPN;84.7;Mechatronics Specialist;5
540;D4;Statistika;SIMANDIRI;75.9;Electrical Engineer;1
541;D3;Kimia, Fisika, Pemrograman, Desain Animasi;SBMPN;607.0;Robotics Engineer;5
542;D4;Desain Grafis, Matematika;SNMPTN/SNBP;67.5;3D Modeler;9
543;D4;Multimedia, Desain Grafis, Teknik Tenaga Listrik (TTL), Teknologi Komputer Jaringan (TKJ);SBMPTN/SNBT;607.0;UI/UX Designer;11
544;D3;Matematika, Desain Animasi, Pemrograman, Statistika;SNMPN;562.0;Industrial Electrician;3
545;D4;Elektronika, Desain Animasi;SNMPTN/SNBP;75.4;Software Engineer;4
546;D3;Teknik Instalasi Tenaga Listrik (TITL), Matematika;SBMPN;593.0;Electrical Engineer;1
547;D3;Elektronika, Desain Grafis;SIMANDIRI;69.3;Data Scientist;12
548;D4;Kimia, Teknik Tenaga Listrik (TTL);SBMPTN/SNBT;75.1;Game Developer;9
549;D3;Fisika, Matematika;SNMPN;90.6;Automation Engineer;5
550;D3;Fisika;SNMPTN/SNBP;68.2;Computer Engineer;6
551;D3;Statistika, Fisika, Matematika, Desain Animasi;SBMPTN/SNBT;726.0;3D Modeler;9
552;D4;Teknologi Komputer Jaringan (TKJ), Multimedia;SIMANDIRI;602.0;Software Engineer;4
553;D4;Matematika, Pemrograman;SNMPTN/SNBP;85.7;Power Plant Operator;8
554;D4;Desain Animasi, Multimedia;SBMPTN/SNBT;74.3;Computer Engineer;6
555;D3;Teknologi Komputer Jaringan (TKJ), Kimia, Desain Animasi, Statistika;SBMPN;90.0;Control Systems Engineer;3
556;D3;Pemrograman, Fisika, Teknik Tenaga Listrik (TTL);SBMPTN/SNBT;510.0;IT Support Specialist;6
557;D3;Teknik Instalasi Tenaga Listrik (TITL), Multimedia;SNMPN;723.0;Multimedia Designer;7
558;D4;Multimedia, Desain Grafis;SNMPN;699.0;Telecommunications Specialist;2
559;D4;Statistika, Matematika;SBMPN;480.0;Power Plant Operator;8
560;D4;Pemrograman;SBMPN;734.0;Multimedia Designer;7
561;D3;Desain Grafis, Pemrograman, Desain Animasi;SNMPTN/SNBP;576.0;Software Engineer;4
562;D4;Pemrograman, Teknik Tenaga Listrik (TTL), Teknik Instalasi Tenaga Listrik (TITL);SNMPTN/SNBP;574.0;Game Designer;9
563;D4;Fisika, Matematika;SNMPN;87.4;Video Editor;7
564;D4;Matematika, Multimedia, Teknik Instalasi Tenaga Listrik (TITL);SBMPN;583.0;Full Stack Developer;4
565;D4;Desain Animasi, Kimia;SIMANDIRI;94.7;Machine Learning Engineer;12
566;D4;Elektronika, Pemrograman, Teknik Instalasi Tenaga Listrik (TITL), Multimedia;SNMPN;92.3;System Administrator;6
567;D4;Statistika, Desain Animasi, Kimia;SBMPN;76.3;Full Stack Developer;4
568;D3;Pemrograman;SNMPTN/SNBP;552.0;Data Scientist;12
569;D3;Desain Animasi;SNMPN;484.0;3D Modeler;9
570;D3;Desain Grafis, Teknologi Komputer Jaringan (TKJ), Desain Animasi;SNMPN;516.0;Embedded Systems Engineer;1
571;D3;Kimia;SNMPN;65.2;Game Designer;9
572;D4;Teknologi Komputer Jaringan (TKJ);SIMANDIRI;76.7;Multimedia Designer;7
573;D4;Teknik Tenaga Listrik (TTL);SBMPN;580.0;UI/UX Designer;11
574;D3;Teknik Tenaga Listrik (TTL), Elektronika, Desain Animasi;SNMPTN/SNBP;82.0;Broadcast Engineer;7
575;D3;Desain Grafis, Multimedia, Desain Animasi, Statistika;SNMPTN/SNBP;475.0;Network Security Specialist;10
576;D3;Matematika;SNMPTN/SNBP;750.0;Robotics Engineer;5
577;D4;Teknik Instalasi Tenaga Listrik (TITL);SBMPN;580.0;Data Scientist;12
578;D4;Desain Animasi, Teknik Instalasi Tenaga Listrik (TITL), Pemrograman;SBMPN;453.0;Power Plant Operator;8
579;D4;Teknologi Komputer Jaringan (TKJ);SBMPN;72.1;Game Developer;9
580;D3;Teknik Instalasi Tenaga Listrik (TITL), Elektronika, Statistika, Matematika;SBMPN;502.0;Control Systems Engineer;3
581;D3;Teknologi Komputer Jaringan (TKJ);SNMPN;82.6;Embedded Systems Engineer;1
582;D4;Teknik Instalasi Tenaga Listrik (TITL), Fisika, Matematika, Teknik Tenaga Listrik (TTL);SBMPTN/SNBT;84.2;3D Modeler;9
583;D3;Desain Grafis;SNMPTN/SNBP;69.0;Embedded Systems Engineer;1
584;D4;Multimedia, Teknik Tenaga Listrik (TTL);SNMPN;480.0;Machine Learning Engineer;12
585;D4;Matematika;SNMPTN/SNBP;72.3;Mechatronics Specialist;5
586;D4;Teknologi Komputer Jaringan (TKJ), Teknik Tenaga Listrik (TTL), Kimia;SNMPN;87.4;Control Systems Engineer;3
587;D3;Teknik Instalasi Tenaga Listrik (TITL), Desain Animasi, Teknik Tenaga Listrik (TTL);SBMPTN/SNBT;70.8;Energy Analyst;8
588;D3;Matematika, Pemrograman, Teknik Instalasi Tenaga Listrik (TITL);SNMPN;616.0;Data Scientist;12
589;D3;Fisika;SBMPTN/SNBT;68.8;Game Developer;9
590;D4;Elektronika;SBMPN;92.1;Multimedia Designer;7
591;D4;Teknologi Komputer Jaringan (TKJ);SBMPN;546.0;Machine Learning Engineer;12
592;D3;Teknik Instalasi Tenaga Listrik (TITL), Elektronika, Teknik Tenaga Listrik (TTL);SBMPTN/SNBT;68.7;Business Intelligence Analyst;12
593;D4;Desain Animasi, Kimia, Fisika;SBMPTN/SNBT;454.0;Embedded Systems Engineer;1
594;D4;Elektronika, Fisika, Pemrograman;SNMPTN/SNBP;74.4;Broadcast Engineer;7
595;D3;Kimia, Teknik Instalasi Tenaga Listrik (TITL);SNMPTN/SNBP;713.0;UI/UX Designer;11
596;D3;Multimedia, Teknik Instalasi Tenaga Listrik (TITL), Pemrograman;SNMPTN/SNBP;76.0;Cloud Engineer;10
597;D3;Teknologi Komputer Jaringan (TKJ);SBMPTN/SNBT;695.0;Control Systems Engineer;3
598;D4;Teknik Tenaga Listrik (TTL), Matematika;SNMPTN/SNBP;600.0;Embedded Systems Engineer;1
599;D3;Kimia, Statistika;SNMPTN/SNBP;75.0;Electronics Technician;1
600;D4;Desain Animasi, Kimia, Teknologi Komputer Jaringan (TKJ);SNMPTN/SNBP;87.7;Game Developer;9
601;D3;Desain Animasi, Matematika;SNMPN;535.0;Automation Engineer;5
602;D4;Teknologi Komputer Jaringan (TKJ), Fisika, Teknik Tenaga Listrik (TTL);SNMPTN/SNBP;550.0;Full Stack Developer;4
603;D4;Matematika, Teknik Tenaga Listrik (TTL);SBMPTN/SNBT;691.0;Electrical Engineer;1
604;D3;Statistika, Desain Animasi;SBMPTN/SNBT;93.6;Telecommunications Specialist;2
605;D3;Matematika, Teknik Instalasi Tenaga Listrik (TITL), Multimedia, Desain Animasi;SNMPN;83.3;Machine Learning Engineer;12
606;D3;Matematika, Fisika;SNMPN;87.8;Industrial Electrician;3
607;D4;Teknik Instalasi Tenaga Listrik (TITL), Teknik Tenaga Listrik (TTL), Fisika, Multimedia;SNMPN;658.0;IT Support Specialist;6
608;D4;Desain Animasi, Kimia;SNMPTN/SNBP;508.0;Power Plant Operator;8
609;D4;Teknik Instalasi Tenaga Listrik (TITL);SNMPTN/SNBP;473.0;Full Stack Developer;4
610;D4;Kimia;SBMPTN/SNBT;70.8;Multimedia Designer;7
611;D3;Matematika, Kimia, Fisika, Elektronika;SIMANDIRI;88.9;System Administrator;6
612;D3;Fisika, Teknologi Komputer Jaringan (TKJ), Teknik Instalasi Tenaga Listrik (TITL), Desain Animasi;SIMANDIRI;508.0;Full Stack Developer;4
613;D4;Matematika;SBMPTN/SNBT;560.0;Renewable Energy Engineer;8
614;D4;Teknik Instalasi Tenaga Listrik (TITL), Statistika, Desain Animasi;SNMPTN/SNBP;93.0;Renewable Energy Engineer;8
615;D4;Kimia;SNMPTN/SNBP;700.0;Embedded Systems Engineer;1
616;D4;Desain Grafis, Elektronika;SBMPTN/SNBT;93.2;Cloud Engineer;10
617;D4;Pemrograman, Teknik Tenaga Listrik (TTL);SNMPTN/SNBP;85.2;Power Plant Operator;8
618;D3;Pemrograman, Teknologi Komputer Jaringan (TKJ), Desain Animasi, Statistika;SBMPTN/SNBT;75.9;Control Systems Engineer;3
619;D4;Matematika;SBMPTN/SNBT;92.5;Computer Engineer;6
620;D3;Teknik Instalasi Tenaga Listrik (TITL), Statistika, Elektronika;SBMPN;651.0;Motion Graphics Artist;11
621;D4;Fisika, Teknik Instalasi Tenaga Listrik (TITL), Matematika;SNMPTN/SNBP;86.3;Computer Engineer;6
622;D3;Teknologi Komputer Jaringan (TKJ), Pemrograman, Teknik Instalasi Tenaga Listrik (TITL);SBMPTN/SNBT;88.2;3D Modeler;9
623;D3;Pemrograman, Multimedia, Teknologi Komputer Jaringan (TKJ);SBMPTN/SNBT;82.6;Motion Graphics Artist;11
624;D4;Fisika;SBMPN;82.2;Motion Graphics Artist;11
625;D3;Desain Animasi, Statistika, Fisika;SIMANDIRI;531.0;Digital Content Creator;11
626;D4;Teknik Instalasi Tenaga Listrik (TITL);SNMPTN/SNBP;516.0;Software Engineer;4
627;D4;Teknik Tenaga Listrik (TTL), Fisika, Statistika;SIMANDIRI;687.0;Electrical Engineer;1
628;D4;Pemrograman, Desain Grafis;SNMPN;487.0;Industrial Electrician;3
629;D3;Desain Animasi, Teknologi Komputer Jaringan (TKJ), Fisika;SNMPTN/SNBP;79.7;RF Engineer;2
630;D4;Statistika, Desain Animasi;SNMPTN/SNBP;80.1;IT Support Specialist;6
631;D3;Statistika;SNMPN;606.0;Electronics Technician;1
632;D4;Teknik Tenaga Listrik (TTL);SBMPTN/SNBT;77.4;Full Stack Developer;4
633;D4;Pemrograman, Statistika, Teknik Instalasi Tenaga Listrik (TITL);SIMANDIRI;85.1;Motion Graphics Artist;11
634;D4;Desain Animasi;SBMPTN/SNBT;681.0;DevOps Engineer;10
635;D3;Teknik Tenaga Listrik (TTL), Teknik Instalasi Tenaga Listrik (TITL), Matematika, Pemrograman;SBMPN;572.0;Game Designer;9
636;D3;Elektronika, Teknik Tenaga Listrik (TTL), Teknologi Komputer Jaringan (TKJ), Fisika;SNMPTN/SNBP;664.0;System Administrator;6
637;D4;Kimia;SNMPTN/SNBP;72.1;Game Developer;9
638;D4;Teknik Instalasi Tenaga Listrik (TITL), Fisika;SNMPTN/SNBP;77.6;Telecommunications Specialist;2
639;D3;Desain Grafis, Statistika, Matematika;SBMPN;88.2;Embedded Systems Engineer;1
640;D3;Desain Grafis, Teknik Tenaga Listrik (TTL);SNMPN;577.0;Network Engineer;2
641;D3;Desain Animasi, Statistika, Pemrograman;SIMANDIRI;80.3;Cloud Engineer;10
642;D4;Multimedia, Pemrograman;SBMPTN/SNBT;744.0;Business Intelligence Analyst;12
643;D4;Pemrograman;SBMPN;82.7;RF Engineer;2
644;D4;Statistika;SBMPTN/SNBT;730.0;Digital Content Creator;11
645;D3;Teknik Tenaga Listrik (TTL), Desain Animasi, Desain Grafis, Teknologi Komputer Jaringan (TKJ);SBMPN;75.2;Cloud Engineer;10
646;D4;Kimia, Teknik Instalasi Tenaga Listrik (TITL);SNMPN;525.0;Telecommunications Specialist;2
647;D3;Desain Grafis, Pemrograman;SBMPN;725.0;Digital Content Creator;11
648;D4;Multimedia;SBMPN;524.0;Cybersecurity Analyst;4
649;D3;Desain Animasi, Pemrograman;SNMPTN/SNBP;658.0;Mechatronics Specialist;5
650;D3;Fisika;SNMPTN/SNBP;85.2;Software Engineer;4
651;D4;Teknik Tenaga Listrik (TTL), Teknik Instalasi Tenaga Listrik (TITL), Pemrograman, Kimia;SBMPTN/SNBT;694.0;Full Stack Developer;4
652;D4;Elektronika, Fisika, Desain Grafis;SBMPTN/SNBT;70.5;Control Systems Engineer;3
653;D3;Teknologi Komputer Jaringan (TKJ), Fisika;SBMPTN/SNBT;662.0;Broadcast Engineer;7
654;D4;Statistika;SBMPN;678.0;RF Engineer;2
655;D3;Teknologi Komputer Jaringan (TKJ);SNMPTN/SNBP;76.4;Renewable Energy Engineer;8
656;D4;Teknologi Komputer Jaringan (TKJ), Kimia, Desain Grafis;SBMPTN/SNBT;606.0;Machine Learning Engineer;12
657;D4;Matematika, Pemrograman;SBMPN;87.7;Game Developer;9
658;D3;Matematika;SBMPN;82.6;Video Editor;7
659;D4;Pemrograman, Desain Grafis;SNMPN;89.9;Cloud Engineer;10
660;D4;Pemrograman, Desain Animasi, Fisika;SBMPN;80.2;RF Engineer;2
661;D3;Fisika;SNMPN;477.0;Cybersecurity Analyst;4
662;D4;Desain Animasi, Desain Grafis;SNMPN;745.0;Robotics Engineer;5
663;D3;Matematika, Elektronika, Desain Animasi, Teknologi Komputer Jaringan (TKJ);SNMPTN/SNBP;481.0;Full Stack Developer;4
664;D4;Teknologi Komputer Jaringan (TKJ), Teknik Instalasi Tenaga Listrik (TITL), Pemrograman, Fisika;SNMPN;78.4;Game Designer;9
665;D3;Kimia, Multimedia, Teknik Instalasi Tenaga Listrik (TITL);SNMPN;455.0;Renewable Energy Engineer;8
666;D4;Multimedia, Pemrograman, Matematika;SNMPTN/SNBP;82.5;Electronics Technician;1
667;D3;Multimedia;SNMPTN/SNBP;85.5;Telecommunications Specialist;2
668;D4;Matematika;SNMPTN/SNBP;69.5;RF Engineer;2
669;D3;Matematika, Elektronika, Teknik Instalasi Tenaga Listrik (TITL), Teknologi Komputer Jaringan (TKJ);SBMPTN/SNBT;739.0;Broadcast Engineer;7
670;D4;Teknik Instalasi Tenaga Listrik (TITL), Elektronika;SNMPTN/SNBP;80.4;Video Editor;7
671;D4;Kimia, Elektronika;SBMPTN/SNBT;73.6;Network Engineer;2
672;D4;Desain Grafis, Pemrograman, Teknik Tenaga Listrik (TTL);SNMPTN/SNBP;66.0;Multimedia Designer;7
673;D4;Teknik Tenaga Listrik (TTL), Desain Grafis;SBMPTN/SNBT;649.0;Power Plant Operator;8
674;D4;Teknik Tenaga Listrik (TTL);SBMPN;92.6;Game Designer;9
675;D4;Multimedia, Desain Grafis, Teknik Tenaga Listrik (TTL), Kimia;SNMPTN/SNBP;667.0;Automation Engineer;3
676;D3;Teknik Instalasi Tenaga Listrik (TITL), Fisika, Teknologi Komputer Jaringan (TKJ);SIMANDIRI;90.8;Automation Engineer;3
677;D4;Matematika, Teknologi Komputer Jaringan (TKJ), Fisika, Elektronika;SNMPN;746.0;Energy Analyst;8
678;D4;Kimia, Teknologi Komputer Jaringan (TKJ);SBMPN;83.7;Industrial Electrician;3
679;D4;Teknologi Komputer Jaringan (TKJ);SBMPTN/SNBT;552.0;Energy Analyst;8
680;D3;Teknik Tenaga Listrik (TTL);SIMANDIRI;69.3;Cloud Engineer;10
681;D4;Multimedia, Elektronika;SBMPN;86.3;System Administrator;6
682;D4;Teknik Instalasi Tenaga Listrik (TITL);SNMPN;73.2;Automation Engineer;3
683;D4;Desain Animasi, Elektronika;SNMPTN/SNBP;599.0;Broadcast Engineer;7
684;D3;Kimia, Teknik Tenaga Listrik (TTL);SBMPTN/SNBT;74.9;Renewable Energy Engineer;8
685;D3;Teknologi Komputer Jaringan (TKJ), Statistika;SNMPTN/SNBP;554.0;Robotics Engineer;5
686;D3;Teknologi Komputer Jaringan (TKJ), Teknik Instalasi Tenaga Listrik (TITL);SBMPTN/SNBT;562.0;Electrical Engineer;1
687;D4;Desain Animasi, Teknologi Komputer Jaringan (TKJ);SNMPN;478.0;Digital Content Creator;11
688;D4;Kimia, Elektronika;SNMPTN/SNBP;717.0;Network Security Specialist;10
689;D4;Pemrograman, Teknologi Komputer Jaringan (TKJ);SNMPN;685.0;Robotics Engineer;5
690;D4;Pemrograman, Teknik Instalasi Tenaga Listrik (TITL), Teknik Tenaga Listrik (TTL);SBMPTN/SNBT;65.8;Network Engineer;2
691;D4;Teknologi Komputer Jaringan (TKJ), Desain Animasi;SNMPN;73.7;Energy Analyst;8
692;D4;Multimedia, Teknik Tenaga Listrik (TTL), Statistika, Fisika;SNMPN;89.1;Data Scientist;12
693;D3;Desain Animasi, Matematika, Kimia;SBMPTN/SNBT;487.0;Game Designer;9
694;D4;Desain Grafis;SBMPTN/SNBT;90.9;Game Designer;9
695;D3;Statistika, Matematika, Pemrograman;SNMPN;605.0;Cloud Engineer;10
696;D3;Pemrograman, Fisika;SBMPTN/SNBT;90.3;Renewable Energy Engineer;8
697;D4;Statistika, Matematika;SIMANDIRI;79.9;Game Designer;9
698;D4;Statistika, Matematika;SIMANDIRI;86.6;Power Plant Operator;8
699;D3;Fisika;SBMPTN/SNBT;667.0;Full Stack Developer;4
700;D3;Pemrograman, Desain Grafis, Teknik Instalasi Tenaga Listrik (TITL);SIMANDIRI;586.0;Automation Engineer;5
701;D4;Teknik Instalasi Tenaga Listrik (TITL), Multimedia, Teknik Tenaga Listrik (TTL), Kimia;SBMPTN/SNBT;89.6;Network Security Specialist;10
702;D4;Elektronika, Matematika, Pemrograman, Statistika;SNMPTN/SNBP;596.0;Power Plant Operator;8
703;D4;Teknik Tenaga Listrik (TTL), Kimia;SNMPTN/SNBP;65.6;Business Intelligence Analyst;12
704;D4;Multimedia;SBMPTN/SNBT;649.0;Energy Analyst;8
705;D4;Teknik Instalasi Tenaga Listrik (TITL), Kimia, Desain Animasi;SBMPTN/SNBT;635.0;Power Plant Operator;8
706;D3;Teknologi Komputer Jaringan (TKJ), Desain Animasi, Statistika;SBMPN;718.0;Energy Analyst;8
707;D4;Multimedia, Desain Animasi, Elektronika;SNMPN;84.3;Digital Content Creator;11
708;D3;Fisika;SBMPTN/SNBT;86.5;3D Modeler;9
709;D4;Teknik Tenaga Listrik (TTL), Kimia, Teknik Instalasi Tenaga Listrik (TITL), Pemrograman;SNMPN;611.0;Mechatronics Specialist;5
710;D4;Teknologi Komputer Jaringan (TKJ), Teknik Tenaga Listrik (TTL), Desain Animasi, Desain Grafis;SIMANDIRI;476.0;Electrical Engineer;1
711;D3;Kimia;SBMPTN/SNBT;94.5;RF Engineer;2
712;D4;Matematika, Pemrograman, Teknik Instalasi Tenaga Listrik (TITL);SBMPN;654.0;Renewable Energy Engineer;8
713;D4;Teknik Tenaga Listrik (TTL);SIMANDIRI;68.2;Game Designer;9
714;D3;Desain Grafis, Multimedia;SNMPTN/SNBP;67.0;DevOps Engineer;10
715;D4;Desain Grafis;SBMPN;708.0;Video Editor;7
716;D4;Teknologi Komputer Jaringan (TKJ), Multimedia;SNMPTN/SNBP;67.3;Machine Learning Engineer;12
717;D4;Kimia;SIMANDIRI;73.0;Cybersecurity Analyst;4
718;D4;Statistika, Teknologi Komputer Jaringan (TKJ), Elektronika;SBMPTN/SNBT;509.0;Power Plant Operator;8
719;D4;Statistika;SNMPTN/SNBP;692.0;Control Systems Engineer;3
720;D4;Fisika, Kimia;SBMPTN/SNBT;65.3;Game Developer;9
721;D4;Kimia;SNMPN;675.0;Renewable Energy Engineer;8
722;D4;Matematika;SBMPN;500.0;Power Plant Operator;8
723;D3;Fisika;SNMPN;470.0;Mechatronics Specialist;5
724;D4;Teknik Tenaga Listrik (TTL);SBMPTN/SNBT;80.0;IT Support Specialist;6
725;D4;Teknik Tenaga Listrik (TTL);SNMPTN/SNBP;732.0;Embedded Systems Engineer;1
726;D4;Desain Grafis, Kimia, Statistika;SNMPTN/SNBP;79.1;Game Designer;9
727;D3;Fisika, Desain Animasi, Teknik Tenaga Listrik (TTL), Desain Grafis;SNMPN;502.0;Game Developer;9
728;D4;Desain Grafis, Multimedia, Teknik Instalasi Tenaga Listrik (TITL), Teknologi Komputer Jaringan (TKJ);SBMPTN/SNBT;92.6;Machine Learning Engineer;12
729;D4;Teknik Tenaga Listrik (TTL), Fisika, Teknologi Komputer Jaringan (TKJ);SBMPTN/SNBT;70.5;Embedded Systems Engineer;1
730;D3;Multimedia, Teknik Instalasi Tenaga Listrik (TITL), Teknologi Komputer Jaringan (TKJ), Matematika;SNMPTN/SNBP;467.0;Broadcast Engineer;7
731;D4;Fisika, Desain Grafis, Teknik Tenaga Listrik (TTL), Kimia;SNMPN;84.2;Electrical Engineer;1
732;D3;Statistika, Matematika;SIMANDIRI;92.8;Electrical Engineer;1
733;D4;Statistika, Teknologi Komputer Jaringan (TKJ), Teknik Tenaga Listrik (TTL), Kimia;SIMANDIRI;81.4;System Administrator;6
734;D4;Desain Grafis, Teknologi Komputer Jaringan (TKJ), Multimedia;SNMPN;623.0;Machine Learning Engineer;12
735;D4;Teknik Instalasi Tenaga Listrik (TITL), Desain Grafis, Kimia, Teknologi Komputer Jaringan (TKJ);SNMPN;717.0;Digital Content Creator;11
736;D3;Teknologi Komputer Jaringan (TKJ), Desain Grafis, Multimedia;SNMPN;93.0;Power Plant Operator;8
737;D3;Teknik Tenaga Listrik (TTL), Pemrograman, Teknologi Komputer Jaringan (TKJ), Matematika;SNMPN;693.0;Control Systems Engineer;3
738;D4;Statistika;SNMPTN/SNBP;617.0;Game Developer;9
739;D3;Elektronika;SBMPN;79.4;Industrial Electrician;3
740;D4;Pemrograman, Teknik Instalasi Tenaga Listrik (TITL), Matematika;SBMPTN/SNBT;706.0;Video Editor;7
741;D3;Statistika;SNMPTN/SNBP;88.3;Broadcast Engineer;7
742;D4;Multimedia, Matematika;SNMPTN/SNBP;664.0;System Administrator;6
743;D4;Desain Animasi, Matematika, Multimedia;SNMPTN/SNBP;505.0;Video Editor;7
744;D3;Teknik Tenaga Listrik (TTL), Pemrograman, Statistika, Matematika;SIMANDIRI;598.0;DevOps Engineer;10
745;D4;Elektronika, Matematika, Pemrograman, Fisika;SBMPTN/SNBT;497.0;RF Engineer;2
746;D3;Fisika, Desain Animasi, Teknik Instalasi Tenaga Listrik (TITL);SBMPTN/SNBT;77.6;Video Editor;7
747;D4;Multimedia, Desain Animasi, Teknologi Komputer Jaringan (TKJ);SBMPTN/SNBT;613.0;Data Scientist;12
748;D4;Desain Animasi, Kimia;SNMPTN/SNBP;717.0;Computer Engineer;6
749;D4;Desain Animasi, Multimedia, Teknik Tenaga Listrik (TTL);SNMPTN/SNBP;66.0;Embedded Systems Engineer;1
750;D4;Matematika, Elektronika;SIMANDIRI;700.0;Cybersecurity Analyst;4
751;D3;Elektronika;SBMPTN/SNBT;66.3;Automation Engineer;3
752;D4;Teknik Tenaga Listrik (TTL), Multimedia, Pemrograman;SBMPTN/SNBT;72.7;Motion Graphics Artist;11
753;D3;Desain Animasi, Fisika, Multimedia, Matematika;SNMPTN/SNBP;551.0;IT Support Specialist;6
754;D3;Desain Animasi, Teknologi Komputer Jaringan (TKJ), Statistika, Pemrograman;SBMPTN/SNBT;80.7;3D Modeler;9
755;D4;Elektronika, Teknik Instalasi Tenaga Listrik (TITL), Pemrograman, Fisika;SNMPTN/SNBP;741.0;Automation Engineer;5
756;D3;Desain Grafis, Fisika, Multimedia, Pemrograman;SNMPN;73.7;Network Security Specialist;10
757;D4;Fisika, Pemrograman;SNMPTN/SNBP;90.5;Energy Analyst;8
758;D4;Statistika, Desain Grafis, Teknik Tenaga Listrik (TTL);SNMPN;545.0;Digital Content Creator;11
759;D4;Pemrograman, Teknik Tenaga Listrik (TTL), Desain Grafis, Matematika;SBMPTN/SNBT;603.0;Telecommunications Specialist;2
760;D3;Desain Animasi, Teknik Instalasi Tenaga Listrik (TITL), Pemrograman;SNMPN;77.9;Telecommunications Specialist;2
761;D4;Matematika;SBMPTN/SNBT;579.0;Motion Graphics Artist;11
762;D3;Desain Grafis;SBMPN;488.0;Automation Engineer;3
763;D4;Matematika, Teknologi Komputer Jaringan (TKJ), Multimedia, Pemrograman;SBMPN;71.5;Digital Content Creator;11
764;D3;Elektronika, Desain Animasi;SNMPTN/SNBP;512.0;Game Developer;9
765;D4;Teknik Tenaga Listrik (TTL), Teknologi Komputer Jaringan (TKJ), Elektronika, Desain Animasi;SBMPN;721.0;UI/UX Designer;11
766;D3;Elektronika, Teknik Instalasi Tenaga Listrik (TITL), Kimia;SNMPN;74.7;Business Intelligence Analyst;12
767;D4;Statistika, Elektronika, Teknologi Komputer Jaringan (TKJ);SBMPN;663.0;Network Engineer;2
768;D3;Teknik Instalasi Tenaga Listrik (TITL), Kimia, Multimedia;SBMPTN/SNBT;69.0;Renewable Energy Engineer;8
769;D4;Fisika;SNMPTN/SNBP;679.0;Game Developer;9
770;D3;Desain Grafis, Fisika, Kimia, Statistika;SNMPN;67.4;Machine Learning Engineer;12
771;D4;Multimedia;SNMPTN/SNBP;502.0;Cloud Engineer;10
772;D3;Kimia;SIMANDIRI;72.3;Digital Content Creator;11
773;D4;Elektronika, Matematika;SNMPN;611.0;Automation Engineer;5
774;D4;Desain Animasi, Multimedia, Elektronika;SNMPN;708.0;Network Security Specialist;10
775;D4;Kimia, Elektronika;SBMPTN/SNBT;642.0;Motion Graphics Artist;11
776;D4;Teknik Tenaga Listrik (TTL);SIMANDIRI;69.7;Network Security Specialist;10
777;D3;Fisika;SBMPTN/SNBT;475.0;Mechatronics Specialist;5
778;D4;Kimia, Elektronika, Matematika, Pemrograman;SBMPTN/SNBT;76.6;Digital Content Creator;11
779;D4;Statistika, Multimedia;SBMPTN/SNBT;524.0;Game Developer;9
780;D3;Kimia, Statistika, Teknik Tenaga Listrik (TTL);SBMPN;715.0;Game Developer;9
781;D3;Fisika, Pemrograman, Teknologi Komputer Jaringan (TKJ), Desain Grafis;SBMPN;572.0;Energy Analyst;8
782;D3;Statistika, Desain Animasi;SBMPTN/SNBT;690.0;Power Plant Operator;8
783;D4;Matematika;SBMPN;84.7;Electronics Technician;1
784;D3;Desain Animasi, Pemrograman, Statistika;SBMPTN/SNBT;749.0;UI/UX Designer;11
785;D3;Teknologi Komputer Jaringan (TKJ), Multimedia, Teknik Instalasi Tenaga Listrik (TITL);SBMPTN/SNBT;534.0;Software Engineer;4
786;D3;Fisika, Multimedia, Matematika, Desain Grafis;SNMPTN/SNBP;84.8;Computer Engineer;6
787;D4;Fisika, Teknik Instalasi Tenaga Listrik (TITL);SBMPTN/SNBT;523.0;Automation Engineer;5
788;D3;Teknologi Komputer Jaringan (TKJ), Teknik Instalasi Tenaga Listrik (TITL), Multimedia;SBMPTN/SNBT;68.2;Power Plant Operator;8
789;D3;Statistika, Pemrograman, Fisika;SBMPTN/SNBT;704.0;Cybersecurity Analyst;4
790;D4;Multimedia, Teknik Tenaga Listrik (TTL), Teknologi Komputer Jaringan (TKJ), Elektronika;SNMPN;696.0;UI/UX Designer;11
791;D3;Teknik Tenaga Listrik (TTL), Elektronika, Pemrograman;SNMPTN/SNBP;567.0;Robotics Engineer;5
792;D3;Statistika, Teknologi Komputer Jaringan (TKJ);SBMPTN/SNBT;92.1;Mechatronics Specialist;5
793;D3;Teknik Tenaga Listrik (TTL), Teknologi Komputer Jaringan (TKJ);SIMANDIRI;712.0;Renewable Energy Engineer;8
794;D4;Fisika, Desain Grafis, Matematika, Teknik Instalasi Tenaga Listrik (TITL);SBMPTN/SNBT;89.0;Control Systems Engineer;3
795;D3;Teknik Tenaga Listrik (TTL), Statistika;SBMPTN/SNBT;88.0;Software Engineer;4
796;D3;Kimia;SNMPTN/SNBP;76.8;RF Engineer;2
797;D3;Multimedia, Teknik Tenaga Listrik (TTL), Statistika;SNMPN;499.0;Automation Engineer;5
798;D3;Multimedia, Teknologi Komputer Jaringan (TKJ), Fisika;SIMANDIRI;707.0;Motion Graphics Artist;11
799;D4;Matematika, Kimia;SBMPN;568.0;Video Editor;7
800;D4;Kimia, Matematika, Statistika;SBMPN;81.1;Control Systems Engineer;3
801;D4;Statistika, Matematika, Teknik Instalasi Tenaga Listrik (TITL);SNMPTN/SNBP;78.3;Game Designer;9
802;D3;Fisika, Teknik Instalasi Tenaga Listrik (TITL), Desain Grafis, Pemrograman;SIMANDIRI;636.0;Embedded Systems Engineer;1
803;D3;Kimia, Desain Animasi, Fisika;SBMPN;76.0;System Administrator;6
804;D4;Kimia, Fisika, Matematika, Elektronika;SIMANDIRI;523.0;Telecommunications Specialist;2
805;D4;Elektronika, Pemrograman, Teknik Tenaga Listrik (TTL);SIMANDIRI;560.0;Game Developer;9
806;D4;Kimia, Pemrograman, Statistika, Desain Animasi;SBMPTN/SNBT;661.0;Broadcast Engineer;7
807;D4;Desain Animasi, Kimia, Desain Grafis;SIMANDIRI;75.8;Network Security Specialist;10
808;D4;Multimedia, Statistika;SNMPN;91.4;Computer Engineer;6
809;D3;Desain Grafis;SBMPN;713.0;UI/UX Designer;11
810;D3;Desain Animasi, Teknik Instalasi Tenaga Listrik (TITL), Teknologi Komputer Jaringan (TKJ), Statistika;SNMPN;652.0;DevOps Engineer;10
811;D4;Elektronika;SNMPN;715.0;Mechatronics Specialist;5
812;D4;Kimia, Desain Grafis;SNMPN;83.0;RF Engineer;2
813;D4;Kimia;SBMPN;518.0;Full Stack Developer;4
814;D3;Matematika, Pemrograman;SBMPTN/SNBT;507.0;Control Systems Engineer;3
815;D3;Multimedia, Desain Grafis, Pemrograman, Kimia;SBMPN;67.9;Cybersecurity Analyst;4
816;D4;Pemrograman, Matematika, Multimedia, Teknik Instalasi Tenaga Listrik (TITL);SBMPTN/SNBT;80.4;Network Engineer;2
817;D3;Fisika, Teknik Instalasi Tenaga Listrik (TITL);SBMPN;739.0;Machine Learning Engineer;12
818;D3;Multimedia;SNMPTN/SNBP;90.9;Power Plant Operator;8
819;D3;Matematika, Kimia, Pemrograman, Desain Animasi;SBMPTN/SNBT;85.2;Full Stack Developer;4
820;D4;Desain Animasi, Fisika, Kimia;SNMPTN/SNBP;76.8;Power Plant Operator;8
821;D3;Desain Grafis, Desain Animasi;SBMPN;615.0;Energy Analyst;8
822;D4;Fisika, Elektronika;SBMPN;85.2;Robotics Engineer;5
823;D3;Teknologi Komputer Jaringan (TKJ), Multimedia;SNMPTN/SNBP;552.0;Automation Engineer;5
824;D3;Elektronika, Teknologi Komputer Jaringan (TKJ), Teknik Instalasi Tenaga Listrik (TITL), Pemrograman;SNMPTN/SNBP;67.3;Automation Engineer;5
825;D4;Pemrograman, Elektronika;SNMPN;73.9;Full Stack Developer;4
826;D4;Statistika;SNMPN;86.8;Control Systems Engineer;3
827;D3;Fisika;SBMPN;90.1;RF Engineer;2
828;D4;Elektronika, Teknologi Komputer Jaringan (TKJ);SBMPN;70.9;Cybersecurity Analyst;4
829;D4;Elektronika, Fisika, Desain Animasi;SNMPTN/SNBP;67.6;Software Engineer;4
830;D3;Desain Animasi, Fisika, Pemrograman;SNMPTN/SNBP;87.7;Digital Content Creator;11
831;D3;Teknologi Komputer Jaringan (TKJ), Fisika, Statistika;SNMPTN/SNBP;72.6;Electrical Engineer;1
832;D4;Fisika, Elektronika, Statistika;SBMPTN/SNBT;88.9;Electrical Engineer;1
833;D3;Elektronika, Statistika, Fisika, Pemrograman;SNMPTN/SNBP;90.2;Automation Engineer;5
834;D4;Statistika;SBMPTN/SNBT;599.0;Network Engineer;2
835;D4;Multimedia, Matematika, Elektronika;SNMPTN/SNBP;508.0;Electrical Engineer;1
836;D4;Pemrograman, Kimia;SBMPN;488.0;Cloud Engineer;10
837;D3;Statistika, Desain Grafis;SBMPN;90.4;RF Engineer;2
838;D4;Multimedia;SBMPTN/SNBT;462.0;Embedded Systems Engineer;1
839;D3;Teknik Tenaga Listrik (TTL);SNMPTN/SNBP;69.4;Power Plant Operator;8
840;D4;Matematika, Teknik Tenaga Listrik (TTL);SBMPN;674.0;Broadcast Engineer;7
841;D4;Desain Grafis, Fisika;SBMPN;472.0;Energy Analyst;8
842;D4;Matematika, Teknik Instalasi Tenaga Listrik (TITL);SNMPTN/SNBP;511.0;UI/UX Designer;11
843;D3;Fisika, Pemrograman, Teknik Instalasi Tenaga Listrik (TITL), Statistika;SNMPN;80.3;Game Developer;9
844;D4;Pemrograman;SNMPTN/SNBP;68.3;Industrial Electrician;3
845;D4;Pemrograman, Teknik Instalasi Tenaga Listrik (TITL), Multimedia;SBMPN;86.3;Renewable Energy Engineer;8
846;D4;Statistika, Elektronika;SNMPTN/SNBP;562.0;Network Engineer;2
847;D4;Pemrograman, Multimedia;SBMPN;495.0;Digital Content Creator;11
848;D4;Statistika;SNMPN;71.6;Business Intelligence Analyst;12
849;D4;Elektronika, Pemrograman, Desain Grafis, Teknik Tenaga Listrik (TTL);SBMPN;68.3;UI/UX Designer;11
850;D4;Matematika, Teknologi Komputer Jaringan (TKJ), Teknik Tenaga Listrik (TTL);SNMPTN/SNBP;726.0;Renewable Energy Engineer;8
851;D4;Fisika, Desain Animasi, Teknik Tenaga Listrik (TTL), Matematika;SNMPTN/SNBP;92.8;Software Engineer;4
852;D3;Elektronika;SNMPTN/SNBP;712.0;Telecommunications Specialist;2
853;D3;Pemrograman, Teknik Tenaga Listrik (TTL), Teknik Instalasi Tenaga Listrik (TITL), Teknologi Komputer Jaringan (TKJ);SIMANDIRI;86.3;3D Modeler;9
854;D3;Teknik Tenaga Listrik (TTL), Fisika;SNMPTN/SNBP;631.0;System Administrator;6
855;D3;Desain Animasi;SNMPN;81.8;Network Security Specialist;10
856;D3;Elektronika;SNMPTN/SNBP;596.0;Robotics Engineer;5
857;D4;Desain Animasi, Teknik Instalasi Tenaga Listrik (TITL);SBMPTN/SNBT;642.0;Computer Engineer;6
858;D4;Teknik Instalasi Tenaga Listrik (TITL);SBMPTN/SNBT;591.0;Machine Learning Engineer;12
859;D3;Multimedia, Fisika;SNMPN;77.2;Motion Graphics Artist;11
860;D4;Matematika, Elektronika;SBMPTN/SNBT;636.0;Full Stack Developer;4
861;D4;Kimia, Matematika;SIMANDIRI;471.0;UI/UX Designer;11
862;D4;Teknologi Komputer Jaringan (TKJ), Matematika, Desain Animasi;SNMPTN/SNBP;66.4;Broadcast Engineer;7
863;D3;Teknologi Komputer Jaringan (TKJ), Desain Animasi;SBMPTN/SNBT;67.4;Business Intelligence Analyst;12
864;D4;Pemrograman, Kimia;SIMANDIRI;87.8;Data Scientist;12
865;D4;Fisika, Kimia;SBMPN;83.5;Energy Analyst;8
866;D3;Matematika, Elektronika, Pemrograman, Kimia;SBMPTN/SNBT;67.5;DevOps Engineer;10
867;D4;Desain Animasi, Pemrograman, Elektronika;SIMANDIRI;702.0;Game Designer;9
868;D3;Desain Animasi;SNMPTN/SNBP;71.9;RF Engineer;2
869;D4;Multimedia, Teknik Tenaga Listrik (TTL);SBMPTN/SNBT;93.5;Broadcast Engineer;7
870;D4;Teknik Tenaga Listrik (TTL);SIMANDIRI;89.4;Full Stack Developer;4
871;D3;Fisika, Matematika;SBMPTN/SNBT;493.0;Software Engineer;4
872;D4;Pemrograman, Teknik Instalasi Tenaga Listrik (TITL), Statistika, Elektronika;SBMPTN/SNBT;554.0;RF Engineer;2
873;D4;Fisika, Multimedia;SNMPTN/SNBP;667.0;Video Editor;7
874;D3;Teknik Instalasi Tenaga Listrik (TITL), Elektronika;SBMPN;622.0;Software Engineer;4
875;D4;Elektronika, Fisika;SBMPTN/SNBT;73.7;Multimedia Designer;7
876;D3;Multimedia, Teknologi Komputer Jaringan (TKJ), Teknik Instalasi Tenaga Listrik (TITL), Pemrograman;SBMPTN/SNBT;518.0;RF Engineer;2
877;D4;Teknologi Komputer Jaringan (TKJ);SNMPTN/SNBP;639.0;Business Intelligence Analyst;12
878;D4;Desain Animasi, Statistika;SNMPTN/SNBP;85.5;3D Modeler;9
879;D4;Pemrograman, Multimedia, Statistika, Elektronika;SBMPTN/SNBT;749.0;Automation Engineer;5
880;D4;Fisika, Kimia, Elektronika, Desain Grafis;SBMPN;677.0;RF Engineer;2
881;D4;Desain Animasi, Elektronika;SNMPN;73.5;Telecommunications Specialist;2
882;D4;Fisika, Teknik Instalasi Tenaga Listrik (TITL), Statistika, Teknik Tenaga Listrik (TTL);SBMPN;93.9;Industrial Electrician;3
883;D3;Elektronika;SNMPN;522.0;Automation Engineer;3
884;D4;Kimia, Fisika, Matematika;SNMPTN/SNBP;80.2;Full Stack Developer;4
885;D4;Kimia, Matematika, Elektronika, Desain Grafis;SBMPTN/SNBT;656.0;DevOps Engineer;10
886;D3;Multimedia;SNMPTN/SNBP;92.7;Automation Engineer;3
887;D4;Fisika;SNMPTN/SNBP;75.4;DevOps Engineer;10
888;D4;Desain Grafis;SNMPTN/SNBP;517.0;Computer Engineer;6
889;D3;Desain Animasi, Elektronika, Pemrograman, Teknik Instalasi Tenaga Listrik (TITL);SBMPN;72.0;Mechatronics Specialist;5
890;D4;Teknik Instalasi Tenaga Listrik (TITL), Elektronika;SIMANDIRI;84.2;Game Developer;9
891;D3;Pemrograman, Teknik Instalasi Tenaga Listrik (TITL), Teknik Tenaga Listrik (TTL), Multimedia;SNMPN;70.3;Cloud Engineer;10
892;D4;Fisika, Statistika, Kimia, Pemrograman;SBMPN;93.2;Embedded Systems Engineer;1
893;D3;Fisika, Multimedia, Pemrograman, Teknik Instalasi Tenaga Listrik (TITL);SNMPN;741.0;Network Engineer;2
894;D3;Pemrograman, Matematika, Desain Animasi, Multimedia;SNMPTN/SNBP;651.0;Industrial Electrician;3
895;D4;Matematika, Teknik Instalasi Tenaga Listrik (TITL), Statistika, Teknik Tenaga Listrik (TTL);SBMPTN/SNBT;590.0;DevOps Engineer;10
896;D4;Kimia;SNMPTN/SNBP;632.0;3D Modeler;9
897;D4;Statistika;SBMPN;85.4;3D Modeler;9
898;D3;Teknik Tenaga Listrik (TTL), Elektronika, Teknologi Komputer Jaringan (TKJ);SNMPN;82.0;Computer Engineer;6
899;D4;Statistika;SBMPN;715.0;Automation Engineer;5
900;D3;Multimedia, Desain Animasi;SNMPN;85.6;Motion Graphics Artist;11
901;D4;Matematika;SIMANDIRI;66.8;Energy Analyst;8
902;D4;Teknik Instalasi Tenaga Listrik (TITL);SNMPN;462.0;RF Engineer;2
903;D4;Desain Grafis, Fisika, Desain Animasi;SBMPTN/SNBT;67.5;Control Systems Engineer;3
904;D4;Teknologi Komputer Jaringan (TKJ), Fisika, Teknik Instalasi Tenaga Listrik (TITL), Desain Animasi;SNMPTN/SNBP;94.6;Network Engineer;2
905;D3;Elektronika, Kimia, Pemrograman;SNMPTN/SNBP;732.0;Telecommunications Specialist;2
906;D4;Teknik Instalasi Tenaga Listrik (TITL), Desain Animasi, Pemrograman;SBMPTN/SNBT;72.8;Network Engineer;2
907;D4;Pemrograman, Multimedia, Teknik Instalasi Tenaga Listrik (TITL);SBMPN;75.1;Renewable Energy Engineer;8
908;D4;Multimedia, Statistika, Desain Animasi, Elektronika;SBMPN;73.9;Electronics Technician;1
909;D4;Teknologi Komputer Jaringan (TKJ);SBMPN;494.0;Game Developer;9
910;D4;Pemrograman, Multimedia, Kimia, Matematika;SNMPN;711.0;Cybersecurity Analyst;4
911;D4;Pemrograman, Kimia, Matematika;SBMPN;91.0;Motion Graphics Artist;11
912;D3;Teknik Tenaga Listrik (TTL), Fisika, Kimia;SBMPTN/SNBT;453.0;Game Developer;9
913;D4;Pemrograman, Fisika, Elektronika;SNMPTN/SNBP;705.0;Control Systems Engineer;3
914;D4;Kimia, Desain Animasi, Teknologi Komputer Jaringan (TKJ);SNMPTN/SNBP;72.2;Renewable Energy Engineer;8
915;D3;Multimedia, Elektronika, Fisika;SBMPTN/SNBT;569.0;Data Scientist;12
916;D4;Elektronika, Desain Animasi, Teknologi Komputer Jaringan (TKJ), Matematika;SBMPTN/SNBT;69.4;Network Security Specialist;10
917;D4;Statistika, Desain Grafis, Teknik Tenaga Listrik (TTL);SNMPN;457.0;Control Systems Engineer;3
918;D4;Teknik Tenaga Listrik (TTL), Statistika;SNMPTN/SNBP;71.2;UI/UX Designer;11
919;D3;Statistika, Teknologi Komputer Jaringan (TKJ), Kimia, Teknik Instalasi Tenaga Listrik (TITL);SBMPTN/SNBT;721.0;System Administrator;6
920;D4;Multimedia;SBMPN;704.0;Renewable Energy Engineer;8
921;D4;Statistika, Matematika;SBMPN;68.1;Energy Analyst;8
922;D3;Matematika, Teknologi Komputer Jaringan (TKJ), Statistika, Kimia;SBMPN;739.0;Cloud Engineer;10
923;D3;Pemrograman, Desain Grafis, Teknik Tenaga Listrik (TTL), Elektronika;SIMANDIRI;66.7;Network Engineer;2
924;D3;Desain Grafis, Elektronika, Statistika, Multimedia;SBMPN;600.0;Video Editor;7
925;D4;Teknik Tenaga Listrik (TTL), Kimia, Teknik Instalasi Tenaga Listrik (TITL), Matematika;SNMPTN/SNBP;84.5;Control Systems Engineer;3
926;D4;Teknik Instalasi Tenaga Listrik (TITL), Multimedia;SNMPTN/SNBP;77.2;DevOps Engineer;10
927;D3;Multimedia, Pemrograman;SBMPN;641.0;Electrical Engineer;1
928;D4;Teknik Tenaga Listrik (TTL), Fisika, Matematika, Multimedia;SBMPN;87.6;Electronics Technician;1
929;D4;Teknologi Komputer Jaringan (TKJ), Statistika, Teknik Tenaga Listrik (TTL);SIMANDIRI;724.0;Industrial Electrician;3
930;D4;Desain Grafis;SNMPTN/SNBP;66.6;Power Plant Operator;8
931;D3;Kimia, Statistika, Pemrograman;SBMPN;509.0;Digital Content Creator;11
932;D3;Elektronika;SNMPTN/SNBP;94.0;Video Editor;7
933;D4;Kimia, Teknik Instalasi Tenaga Listrik (TITL), Multimedia, Teknologi Komputer Jaringan (TKJ);SBMPN;69.3;Machine Learning Engineer;12
934;D4;Pemrograman, Teknik Instalasi Tenaga Listrik (TITL), Fisika;SNMPTN/SNBP;538.0;Telecommunications Specialist;2
935;D4;Desain Grafis;SBMPTN/SNBT;576.0;Computer Engineer;6
936;D4;Teknik Instalasi Tenaga Listrik (TITL), Teknologi Komputer Jaringan (TKJ), Desain Grafis;SNMPN;73.5;Multimedia Designer;7
937;D4;Fisika, Pemrograman, Teknik Instalasi Tenaga Listrik (TITL);SBMPN;91.8;Cloud Engineer;10
938;D3;Desain Grafis, Elektronika, Matematika;SBMPN;85.8;Automation Engineer;5
939;D4;Matematika, Teknologi Komputer Jaringan (TKJ);SBMPTN/SNBT;85.3;Business Intelligence Analyst;12
940;D3;Teknik Instalasi Tenaga Listrik (TITL), Matematika;SNMPTN/SNBP;484.0;Cloud Engineer;10
941;D4;Statistika, Matematika;SNMPN;71.9;Electronics Technician;1
942;D4;Teknik Tenaga Listrik (TTL), Matematika, Pemrograman;SBMPTN/SNBT;70.1;IT Support Specialist;6
943;D3;Teknik Instalasi Tenaga Listrik (TITL), Matematika;SBMPN;525.0;Data Scientist;12
944;D4;Multimedia, Teknik Tenaga Listrik (TTL), Pemrograman, Elektronika;SNMPTN/SNBP;77.4;Mechatronics Specialist;5
945;D3;Matematika, Teknologi Komputer Jaringan (TKJ), Kimia, Teknik Tenaga Listrik (TTL);SNMPTN/SNBP;94.2;Business Intelligence Analyst;12
946;D4;Kimia;SBMPN;572.0;3D Modeler;9
947;D4;Kimia, Multimedia, Desain Animasi;SNMPN;66.5;Network Engineer;2
948;D4;Teknik Instalasi Tenaga Listrik (TITL), Teknologi Komputer Jaringan (TKJ);SBMPN;83.6;Automation Engineer;5
949;D4;Teknik Tenaga Listrik (TTL), Teknologi Komputer Jaringan (TKJ), Desain Grafis;SBMPN;452.0;Data Scientist;12
950;D3;Desain Animasi;SBMPTN/SNBT;504.0;Control Systems Engineer;3
951;D3;Fisika, Desain Animasi;SNMPN;743.0;IT Support Specialist;6
952;D4;Teknik Tenaga Listrik (TTL), Desain Animasi, Fisika, Matematika;SBMPTN/SNBT;75.0;Control Systems Engineer;3
953;D3;Kimia, Multimedia, Teknologi Komputer Jaringan (TKJ), Desain Grafis;SBMPTN/SNBT;606.0;Cloud Engineer;10
954;D3;Statistika, Kimia, Teknik Instalasi Tenaga Listrik (TITL);SBMPTN/SNBT;663.0;DevOps Engineer;10
955;D3;Multimedia, Desain Grafis, Kimia;SNMPN;516.0;Industrial Electrician;3
956;D4;Desain Grafis;SIMANDIRI;72.7;Automation Engineer;3
957;D4;Statistika, Matematika, Desain Animasi;SNMPN;73.5;3D Modeler;9
958;D4;Elektronika, Multimedia;SNMPN;708.0;Automation Engineer;3
959;D4;Fisika;SNMPTN/SNBP;711.0;RF Engineer;2
960;D3;Desain Animasi, Teknik Instalasi Tenaga Listrik (TITL);SBMPTN/SNBT;92.8;DevOps Engineer;10
961;D3;Desain Grafis, Teknik Tenaga Listrik (TTL), Pemrograman;SIMANDIRI;713.0;Software Engineer;4
962;D4;Teknik Instalasi Tenaga Listrik (TITL);SBMPTN/SNBT;683.0;Network Security Specialist;10
963;D3;Pemrograman;SBMPTN/SNBT;73.9;Network Security Specialist;10
964;D4;Teknologi Komputer Jaringan (TKJ), Kimia, Desain Animasi;SNMPN;451.0;Electronics Technician;1
965;D4;Teknik Instalasi Tenaga Listrik (TITL);SBMPN;559.0;Industrial Electrician;3
966;D4;Pemrograman, Matematika;SBMPN;83.2;Electronics Technician;1
967;D4;Desain Grafis, Teknologi Komputer Jaringan (TKJ), Teknik Tenaga Listrik (TTL);SIMANDIRI;74.6;System Administrator;6
968;D4;Pemrograman;SNMPN;483.0;Automation Engineer;3
969;D3;Teknik Tenaga Listrik (TTL), Matematika;SIMANDIRI;574.0;Broadcast Engineer;7
970;D4;Multimedia, Teknik Instalasi Tenaga Listrik (TITL), Fisika;SNMPTN/SNBP;564.0;Full Stack Developer;4
971;D4;Pemrograman, Statistika, Teknologi Komputer Jaringan (TKJ), Desain Grafis;SBMPN;79.3;Digital Content Creator;11
972;D4;Teknologi Komputer Jaringan (TKJ);SNMPN;542.0;IT Support Specialist;6
973;D3;Teknik Instalasi Tenaga Listrik (TITL), Pemrograman;SNMPTN/SNBP;648.0;Power Plant Operator;8
974;D3;Teknik Instalasi Tenaga Listrik (TITL), Pemrograman, Desain Animasi;SNMPN;625.0;Power Plant Operator;8
975;D4;Elektronika, Fisika, Teknologi Komputer Jaringan (TKJ);SBMPN;746.0;Broadcast Engineer;7
976;D4;Pemrograman;SNMPTN/SNBP;94.8;Network Engineer;2
977;D3;Multimedia, Teknik Tenaga Listrik (TTL), Teknik Instalasi Tenaga Listrik (TITL);SBMPN;75.7;Full Stack Developer;4
978;D4;Fisika, Kimia;SBMPN;89.7;System Administrator;6
979;D4;Desain Animasi, Teknik Instalasi Tenaga Listrik (TITL), Desain Grafis, Pemrograman;SBMPN;723.0;Game Designer;9
980;D4;Teknik Instalasi Tenaga Listrik (TITL), Multimedia;SNMPN;710.0;Power Plant Operator;8
981;D3;Teknik Tenaga Listrik (TTL), Multimedia, Desain Grafis;SNMPTN/SNBP;81.3;3D Modeler;9
982;D4;Pemrograman, Desain Animasi;SNMPTN/SNBP;79.5;Network Engineer;2
983;D4;Kimia, Pemrograman, Multimedia, Statistika;SNMPTN/SNBP;85.3;System Administrator;6
984;D4;Matematika, Fisika;SNMPTN/SNBP;92.8;UI/UX Designer;11
985;D3;Fisika, Desain Animasi, Multimedia, Teknik Instalasi Tenaga Listrik (TITL);SNMPN;71.0;Software Engineer;4
986;D4;Teknik Instalasi Tenaga Listrik (TITL), Kimia, Teknologi Komputer Jaringan (TKJ), Elektronika;SNMPTN/SNBP;452.0;Robotics Engineer;5
987;D4;Fisika, Multimedia, Teknologi Komputer Jaringan (TKJ);SNMPN;65.8;Multimedia Designer;7
988;D4;Matematika;SBMPTN/SNBT;549.0;Electrical Engineer;1
989;D3;Teknik Instalasi Tenaga Listrik (TITL), Desain Animasi, Multimedia, Teknologi Komputer Jaringan (TKJ);SBMPTN/SNBT;493.0;Renewable Energy Engineer;8
990;D3;Fisika;SNMPTN/SNBP;72.2;Control Systems Engineer;3
991;D3;Statistika, Desain Animasi;SNMPTN/SNBP;88.0;Control Systems Engineer;3
992;D4;Multimedia, Teknik Tenaga Listrik (TTL), Matematika, Elektronika;SBMPN;709.0;Automation Engineer;3
993;D3;Teknologi Komputer Jaringan (TKJ), Teknik Tenaga Listrik (TTL);SBMPN;70.7;Electrical Engineer;1
994;D3;Fisika;SBMPTN/SNBT;550.0;Broadcast Engineer;7
995;D3;Desain Grafis;SBMPN;739.0;Embedded Systems Engineer;1
996;D4;Multimedia, Kimia, Teknologi Komputer Jaringan (TKJ), Desain Animasi;SNMPTN/SNBP;455.0;Broadcast Engineer;7
997;D3;Elektronika, Fisika, Pemrograman;SNMPTN/SNBP;65.0;IT Support Specialist;6
998;D3;Teknik Tenaga Listrik (TTL), Kimia, Teknologi Komputer Jaringan (TKJ);SBMPN;67.1;Machine Learning Engineer;12
999;D4;Teknik Instalasi Tenaga Listrik (TITL), Pemrograman, Multimedia, Statistika;SBMPTN/SNBT;86.8;3D Modeler;9
1000;D3;Multimedia, Teknik Tenaga Listrik (TTL), Fisika;SNMPTN/SNBP;628.0;System Administrator;6
