,Jenjang Pendidikan,Program Studi,Minat dan Bakat,Jalur Pendaftaran PENS,Rata-rata Nilai Masuk PENS,Rencana Karir
1,D3,2,"Fisika, Teknik Tenaga Listrik (TTL)",SBMPN,474.0,Network Engineer
2,D3,7,"Kimia, Teknologi Komputer Jaringan (TKJ)",SNMPN,77.4,Broadcast Engineer
3,D4,12,"Pemrograman, Statistika, Teknologi Komputer Jaringan (TKJ), Desain Animasi",SNMPN,631.0,Machine Learning Engineer
4,D4,9,"Teknik Instalasi Tenaga Listrik (TITL), Teknologi Komputer Jaringan (TKJ), Elektronika, Desain Animasi",SNMPTN/SNBP,86.1,Game Designer
5,D4,11,"Fisika, Matematika, Desain Animasi",SBMPTN/SNBT,86.5,Digital Content Creator
6,D4,12,"Teknik Tenaga Listrik (TTL), Matematika, Multimedia",SNMPN,744.0,Machine Learning Engineer
7,D4,5,"Desain Animasi, Teknologi Komputer Jaringan (TKJ), Statistika, Teknik Instalasi Tenaga Listrik (TITL)",SBMPTN/SNBT,708.0,Automation Engineer
8,D4,11,"Desain Grafis, Pemrograman, Fisika",SBMPTN/SNBT,500.0,UI/UX Designer
9,D4,6,Kimia,SBMPN,524.0,Computer Engineer
10,D4,11,"Desain Grafis, Kimia",SBMPTN/SNBT,654.0,Digital Content Creator
11,D4,10,Desain Grafis,SNMPN,703.0,Cloud Engineer
12,D4,3,Elektronika,SBMPTN/SNBT,558.0,Automation Engineer
13,D4,12,"Desain Animasi, Kimia, Statistika",SIMANDIRI,572.0,Business Intelligence Analyst
14,D4,2,Statistika,SBMPTN/SNBT,625.0,RF Engineer
15,D4,1,Matematika,SNMPTN/SNBP,88.9,Embedded Systems Engineer
16,D4,6,"Desain Grafis, Teknik Instalasi Tenaga Listrik (TITL), Teknologi Komputer Jaringan (TKJ), Multimedia",SBMPTN/SNBT,81.8,IT Support Specialist
17,D4,10,"Multimedia, Desain Grafis, Desain Animasi",SNMPN,548.0,Network Security Specialist
18,D4,1,"Kimia, Desain Animasi, Desain Grafis, Teknik Tenaga Listrik (TTL)",SBMPTN/SNBT,77.9,Electrical Engineer
19,D4,4,Fisika,SNMPTN/SNBP,65.8,Cybersecurity Analyst
20,D3,4,"Teknik Tenaga Listrik (TTL), Teknik Instalasi Tenaga Listrik (TITL), Pemrograman",SNMPTN/SNBP,688.0,Full Stack Developer
21,D4,6,"Teknik Tenaga Listrik (TTL), Fisika, Teknik Instalasi Tenaga Listrik (TITL), Elektronika",SNMPN,496.0,IT Support Specialist
22,D4,5,"Kimia, Teknologi Komputer Jaringan (TKJ), Elektronika",SNMPTN/SNBP,556.0,Mechatronics Specialist
23,D4,1,"Multimedia, Teknologi Komputer Jaringan (TKJ), Kimia",SNMPN,86.4,Embedded Systems Engineer
24,D4,5,"Statistika, Pemrograman, Multimedia",SNMPN,88.4,Mechatronics Specialist
25,D4,9,"Teknik Tenaga Listrik (TTL), Teknologi Komputer Jaringan (TKJ), Matematika, Pemrograman",SNMPN,742.0,Game Designer
26,D4,11,"Kimia, Desain Grafis",SBMPTN/SNBT,80.5,Motion Graphics Artist
27,D3,2,Kimia,SBMPN,509.0,Network Engineer
28,D4,10,"Teknik Instalasi Tenaga Listrik (TITL), Desain Animasi",SBMPTN/SNBT,73.9,Cloud Engineer
29,D4,9,"Fisika, Teknik Tenaga Listrik (TTL)",SNMPTN/SNBP,538.0,3D Modeler
30,D4,11,"Elektronika, Multimedia, Desain Grafis",SBMPN,670.0,UI/UX Designer
31,D4,6,"Desain Grafis, Teknologi Komputer Jaringan (TKJ), Statistika",SBMPN,750.0,System Administrator
32,D4,12,"Statistika, Matematika",SNMPTN/SNBP,659.0,Business Intelligence Analyst
33,D4,9,"Desain Grafis, Pemrograman",SIMANDIRI,544.0,3D Modeler
34,D3,4,Fisika,SNMPN,80.7,Full Stack Developer
35,D4,4,"Desain Animasi, Teknik Tenaga Listrik (TTL)",SNMPTN/SNBP,85.0,Cybersecurity Analyst
36,D4,8,"Teknik Instalasi Tenaga Listrik (TITL), Elektronika, Matematika, Statistika",SNMPN,517.0,Energy Analyst
37,D4,4,"Statistika, Teknologi Komputer Jaringan (TKJ)",SNMPN,81.2,Full Stack Developer
38,D3,2,"Teknik Tenaga Listrik (TTL), Matematika, Teknologi Komputer Jaringan (TKJ)",SNMPN,72.3,Telecommunications Specialist
39,D4,5,Elektronika,SNMPN,73.2,Mechatronics Specialist
40,D4,3,"Desain Grafis, Multimedia, Teknik Instalasi Tenaga Listrik (TITL), Kimia",SNMPTN/SNBP,708.0,Automation Engineer
41,D4,2,Teknik Tenaga Listrik (TTL),SNMPN,642.0,Telecommunications Specialist
42,D4,5,Elektronika,SNMPTN/SNBP,469.0,Automation Engineer
43,D4,3,"Fisika, Pemrograman, Statistika",SNMPN,69.7,Control Systems Engineer
44,D4,11,"Elektronika, Multimedia, Pemrograman",SNMPN,643.0,Digital Content Creator
45,D4,6,"Desain Animasi, Kimia, Multimedia",SNMPTN/SNBP,76.3,System Administrator
46,D4,6,"Statistika, Elektronika",SBMPTN/SNBT,67.3,IT Support Specialist
47,D4,3,"Multimedia, Elektronika, Desain Grafis",SIMANDIRI,528.0,Control Systems Engineer
48,D3,2,"Fisika, Elektronika, Teknik Tenaga Listrik (TTL), Multimedia",SBMPTN/SNBT,71.3,Network Engineer
49,D4,4,"Desain Grafis, Fisika, Kimia",SNMPN,75.0,Software Engineer
50,D4,3,"Fisika, Statistika, Desain Grafis, Teknik Tenaga Listrik (TTL)",SBMPTN/SNBT,73.4,Control Systems Engineer
51,D4,2,Teknik Instalasi Tenaga Listrik (TITL),SNMPN,747.0,RF Engineer
52,D4,6,"Teknologi Komputer Jaringan (TKJ), Pemrograman, Teknik Instalasi Tenaga Listrik (TITL), Multimedia",SBMPN,549.0,IT Support Specialist
53,D3,7,Fisika,SIMANDIRI,69.4,Broadcast Engineer
54,D4,9,"Elektronika, Multimedia",SIMANDIRI,566.0,3D Modeler
55,D4,8,"Multimedia, Matematika, Teknologi Komputer Jaringan (TKJ), Teknik Tenaga Listrik (TTL)",SBMPN,553.0,Energy Analyst
56,D4,11,Statistika,SBMPTN/SNBT,76.6,Motion Graphics Artist
57,D4,6,"Multimedia, Matematika",SBMPTN/SNBT,587.0,Computer Engineer
58,D4,11,"Fisika, Matematika, Desain Animasi",SBMPN,487.0,Digital Content Creator
59,D3,7,"Kimia, Pemrograman, Desain Grafis, Desain Animasi",SBMPTN/SNBT,620.0,Video Editor
60,D3,7,"Kimia, Multimedia",SBMPTN/SNBT,69.7,Video Editor
61,D4,9,"Teknik Tenaga Listrik (TTL), Statistika, Matematika, Desain Animasi",SNMPTN/SNBP,65.1,3D Modeler
62,D4,10,Elektronika,SBMPTN/SNBT,83.4,DevOps Engineer
63,D4,5,"Elektronika, Kimia",SNMPTN/SNBP,511.0,Automation Engineer
64,D4,10,"Fisika, Desain Animasi, Matematika, Teknik Tenaga Listrik (TTL)",SNMPTN/SNBP,75.0,Network Security Specialist
65,D4,9,"Pemrograman, Statistika, Teknologi Komputer Jaringan (TKJ)",SBMPTN/SNBT,590.0,Game Designer
66,D4,6,"Desain Animasi, Fisika, Multimedia, Statistika",SBMPN,69.7,Computer Engineer
67,D4,8,"Pemrograman, Teknik Instalasi Tenaga Listrik (TITL), Matematika",SBMPN,82.9,Renewable Energy Engineer
68,D4,12,"Elektronika, Pemrograman",SNMPN,77.2,Data Scientist
69,D4,8,Fisika,SBMPTN/SNBT,79.7,Power Plant Operator
70,D4,8,Teknologi Komputer Jaringan (TKJ),SBMPTN/SNBT,617.0,Power Plant Operator
71,D3,7,"Desain Animasi, Teknologi Komputer Jaringan (TKJ), Desain Grafis",SBMPN,519.0,Video Editor
72,D4,8,"Teknik Tenaga Listrik (TTL), Desain Grafis",SNMPN,505.0,Power Plant Operator
73,D3,2,"Teknik Tenaga Listrik (TTL), Matematika",SIMANDIRI,75.4,Telecommunications Specialist
74,D4,4,"Statistika, Desain Animasi, Teknologi Komputer Jaringan (TKJ), Elektronika",SNMPN,725.0,Software Engineer
75,D4,1,"Teknik Instalasi Tenaga Listrik (TITL), Desain Grafis, Kimia, Teknik Tenaga Listrik (TTL)",SIMANDIRI,718.0,Embedded Systems Engineer
76,D4,1,Teknik Tenaga Listrik (TTL),SNMPTN/SNBP,80.6,Electronics Technician
77,D4,11,"Teknik Tenaga Listrik (TTL), Multimedia, Kimia",SNMPTN/SNBP,519.0,Digital Content Creator
78,D4,11,"Statistika, Desain Animasi, Pemrograman, Teknik Instalasi Tenaga Listrik (TITL)",SNMPTN/SNBP,92.1,UI/UX Designer
79,D4,11,"Multimedia, Statistika, Teknologi Komputer Jaringan (TKJ)",SBMPTN/SNBT,69.8,UI/UX Designer
80,D4,6,"Statistika, Desain Grafis, Multimedia, Teknik Instalasi Tenaga Listrik (TITL)",SNMPTN/SNBP,83.7,System Administrator
81,D4,10,"Fisika, Pemrograman, Kimia",SIMANDIRI,460.0,Cloud Engineer
82,D4,10,"Teknik Instalasi Tenaga Listrik (TITL), Desain Grafis",SBMPN,89.2,Cloud Engineer
83,D4,4,"Fisika, Desain Grafis, Teknik Tenaga Listrik (TTL)",SBMPTN/SNBT,489.0,Cybersecurity Analyst
84,D4,10,"Statistika, Teknik Tenaga Listrik (TTL)",SNMPTN/SNBP,85.7,Cloud Engineer
85,D4,1,Pemrograman,SNMPTN/SNBP,69.8,Electrical Engineer
86,D4,2,"Statistika, Matematika, Teknologi Komputer Jaringan (TKJ)",SBMPN,691.0,Network Engineer
87,D4,11,"Teknik Instalasi Tenaga Listrik (TITL), Matematika, Pemrograman, Teknologi Komputer Jaringan (TKJ)",SNMPN,604.0,Motion Graphics Artist
88,D3,7,Matematika,SBMPTN/SNBT,79.2,Multimedia Designer
89,D4,3,"Fisika, Elektronika",SNMPTN/SNBP,90.5,Industrial Electrician
90,D4,3,"Matematika, Desain Grafis, Teknik Tenaga Listrik (TTL)",SBMPTN/SNBT,88.6,Automation Engineer
91,D4,6,"Multimedia, Teknik Tenaga Listrik (TTL), Teknik Instalasi Tenaga Listrik (TITL)",SNMPTN/SNBP,619.0,Computer Engineer
92,D4,5,"Teknik Tenaga Listrik (TTL), Desain Animasi, Matematika",SNMPTN/SNBP,605.0,Automation Engineer
93,D4,9,"Teknik Tenaga Listrik (TTL), Matematika, Teknik Instalasi Tenaga Listrik (TITL)",SBMPTN/SNBT,67.7,Game Designer
94,D4,5,Multimedia,SBMPTN/SNBT,77.0,Mechatronics Specialist
95,D4,5,Pemrograman,SBMPTN/SNBT,72.9,Mechatronics Specialist
96,D4,10,"Teknologi Komputer Jaringan (TKJ), Pemrograman, Desain Grafis, Matematika",SBMPTN/SNBT,643.0,Network Security Specialist
97,D4,8,"Statistika, Teknik Instalasi Tenaga Listrik (TITL), Matematika",SBMPN,474.0,Energy Analyst
98,D3,7,"Matematika, Pemrograman",SBMPTN/SNBT,728.0,Video Editor
99,D4,6,"Teknik Instalasi Tenaga Listrik (TITL), Elektronika, Kimia",SNMPTN/SNBP,70.0,IT Support Specialist
100,D4,9,"Elektronika, Desain Animasi, Teknik Instalasi Tenaga Listrik (TITL), Fisika",SBMPTN/SNBT,86.3,3D Modeler
101,D4,2,"Elektronika, Multimedia, Pemrograman",SBMPTN/SNBT,639.0,Telecommunications Specialist
102,D4,4,"Multimedia, Kimia, Fisika, Matematika",SNMPTN/SNBP,75.1,Software Engineer
103,D3,7,"Matematika, Pemrograman, Statistika, Teknologi Komputer Jaringan (TKJ)",SBMPTN/SNBT,90.4,Video Editor
104,D4,6,"Pemrograman, Elektronika, Teknik Instalasi Tenaga Listrik (TITL)",SBMPTN/SNBT,82.1,Computer Engineer
105,D4,12,"Teknologi Komputer Jaringan (TKJ), Desain Grafis",SNMPTN/SNBP,88.1,Machine Learning Engineer
106,D4,9,"Elektronika, Teknik Instalasi Tenaga Listrik (TITL), Teknik Tenaga Listrik (TTL), Desain Animasi",SBMPN,723.0,Game Developer
107,D4,8,Teknik Tenaga Listrik (TTL),SNMPN,79.8,Power Plant Operator
108,D4,6,Desain Grafis,SBMPN,611.0,IT Support Specialist
109,D4,9,Desain Animasi,SBMPTN/SNBT,472.0,Game Developer
110,D3,1,"Elektronika, Statistika",SNMPTN/SNBP,680.0,Electrical Engineer
111,D4,12,"Fisika, Pemrograman",SBMPTN/SNBT,87.9,Data Scientist
112,D4,5,"Statistika, Elektronika, Teknik Instalasi Tenaga Listrik (TITL), Matematika",SNMPN,568.0,Robotics Engineer
113,D4,9,"Teknologi Komputer Jaringan (TKJ), Teknik Instalasi Tenaga Listrik (TITL)",SBMPTN/SNBT,542.0,Game Designer
114,D4,5,"Multimedia, Fisika, Pemrograman",SBMPN,602.0,Robotics Engineer
115,D4,9,"Teknik Tenaga Listrik (TTL), Elektronika",SBMPTN/SNBT,80.7,Game Designer
116,D4,11,"Teknik Tenaga Listrik (TTL), Statistika, Matematika",SBMPTN/SNBT,66.0,Motion Graphics Artist
117,D4,12,"Teknik Tenaga Listrik (TTL), Multimedia, Desain Grafis",SBMPN,83.1,Machine Learning Engineer
118,D3,7,"Teknologi Komputer Jaringan (TKJ), Desain Grafis, Pemrograman, Matematika",SNMPTN/SNBP,517.0,Broadcast Engineer
119,D4,8,"Teknologi Komputer Jaringan (TKJ), Statistika",SNMPN,88.9,Renewable Energy Engineer
120,D3,7,"Teknologi Komputer Jaringan (TKJ), Elektronika",SBMPTN/SNBT,78.2,Multimedia Designer
121,D4,11,"Desain Grafis, Kimia",SNMPTN/SNBP,80.0,UI/UX Designer
122,D3,1,"Desain Grafis, Elektronika, Teknologi Komputer Jaringan (TKJ)",SNMPN,80.5,Electrical Engineer
123,D4,2,"Fisika, Kimia, Multimedia, Pemrograman",SIMANDIRI,88.1,Network Engineer
124,D4,9,"Elektronika, Fisika, Desain Animasi, Teknologi Komputer Jaringan (TKJ)",SBMPN,643.0,3D Modeler
125,D4,6,"Multimedia, Elektronika",SBMPTN/SNBT,644.0,System Administrator
126,D3,1,"Teknik Tenaga Listrik (TTL), Matematika, Desain Animasi, Elektronika",SNMPTN/SNBP,94.2,Electronics Technician
127,D4,12,"Desain Grafis, Teknologi Komputer Jaringan (TKJ), Teknik Tenaga Listrik (TTL), Teknik Instalasi Tenaga Listrik (TITL)",SBMPN,89.0,Data Scientist
128,D3,3,Teknik Instalasi Tenaga Listrik (TITL),SNMPTN/SNBP,76.1,Control Systems Engineer
129,D4,5,Matematika,SBMPTN/SNBT,686.0,Automation Engineer
130,D3,4,"Teknologi Komputer Jaringan (TKJ), Fisika, Matematika, Elektronika",SBMPN,81.4,Full Stack Developer
131,D4,3,"Desain Animasi, Teknik Tenaga Listrik (TTL)",SNMPTN/SNBP,724.0,Automation Engineer
132,D4,11,"Teknik Tenaga Listrik (TTL), Kimia",SNMPN,701.0,Digital Content Creator
133,D4,12,"Statistika, Elektronika, Fisika",SNMPN,75.0,Data Scientist
134,D4,9,"Pemrograman, Fisika, Desain Grafis, Multimedia",SNMPTN/SNBP,642.0,Game Developer
135,D4,3,"Desain Animasi, Statistika, Teknik Instalasi Tenaga Listrik (TITL), Desain Grafis",SBMPN,82.3,Automation Engineer
136,D4,12,"Teknologi Komputer Jaringan (TKJ), Desain Animasi, Multimedia",SNMPTN/SNBP,750.0,Business Intelligence Analyst
137,D4,8,Matematika,SBMPTN/SNBT,544.0,Renewable Energy Engineer
138,D3,4,Elektronika,SBMPN,85.1,Full Stack Developer
139,D4,10,"Desain Grafis, Matematika",SBMPTN/SNBT,67.0,Network Security Specialist
140,D3,7,Statistika,SBMPTN/SNBT,472.0,Video Editor
141,D4,9,Matematika,SBMPN,77.4,Game Designer
142,D4,9,Pemrograman,SNMPN,564.0,Game Designer
143,D4,6,Statistika,SNMPN,84.7,System Administrator
144,D3,1,Teknik Instalasi Tenaga Listrik (TITL),SBMPTN/SNBT,94.3,Electrical Engineer
145,D3,7,"Desain Animasi, Teknologi Komputer Jaringan (TKJ), Multimedia, Matematika",SNMPTN/SNBP,65.2,Multimedia Designer
146,D4,9,"Teknik Tenaga Listrik (TTL), Teknologi Komputer Jaringan (TKJ), Matematika, Desain Animasi",SBMPN,87.0,3D Modeler
147,D4,5,"Elektronika, Teknologi Komputer Jaringan (TKJ), Pemrograman, Teknik Instalasi Tenaga Listrik (TITL)",SNMPTN/SNBP,70.4,Robotics Engineer
148,D4,8,Matematika,SNMPN,89.7,Power Plant Operator
149,D3,7,"Teknik Instalasi Tenaga Listrik (TITL), Statistika, Elektronika",SBMPTN/SNBT,648.0,Broadcast Engineer
150,D4,6,Teknik Tenaga Listrik (TTL),SNMPTN/SNBP,85.9,Computer Engineer
151,D3,2,"Elektronika, Teknik Tenaga Listrik (TTL), Multimedia, Teknologi Komputer Jaringan (TKJ)",SBMPN,68.0,Telecommunications Specialist
152,D4,10,"Desain Grafis, Multimedia",SIMANDIRI,94.2,Cloud Engineer
153,D3,4,Kimia,SBMPTN/SNBT,678.0,Cybersecurity Analyst
154,D3,7,"Kimia, Fisika, Teknologi Komputer Jaringan (TKJ)",SIMANDIRI,741.0,Video Editor
155,D4,10,"Desain Animasi, Teknik Tenaga Listrik (TTL)",SBMPN,686.0,DevOps Engineer
156,D4,8,"Teknik Instalasi Tenaga Listrik (TITL), Pemrograman, Fisika, Desain Grafis",SNMPN,495.0,Renewable Energy Engineer
157,D4,5,"Teknik Tenaga Listrik (TTL), Pemrograman, Desain Animasi",SNMPN,584.0,Robotics Engineer
158,D4,10,Kimia,SNMPTN/SNBP,459.0,Cloud Engineer
159,D3,3,Teknik Instalasi Tenaga Listrik (TITL),SIMANDIRI,65.0,Industrial Electrician
160,D4,8,"Teknik Instalasi Tenaga Listrik (TITL), Desain Grafis",SBMPN,66.3,Energy Analyst
161,D4,5,"Desain Animasi, Kimia, Teknologi Komputer Jaringan (TKJ), Elektronika",SBMPN,674.0,Automation Engineer
162,D4,9,"Kimia, Matematika, Desain Animasi, Teknik Tenaga Listrik (TTL)",SBMPTN/SNBT,93.5,3D Modeler
163,D3,4,Teknologi Komputer Jaringan (TKJ),SBMPTN/SNBT,69.8,Full Stack Developer
164,D4,10,"Fisika, Elektronika, Desain Grafis, Matematika",SBMPTN/SNBT,470.0,DevOps Engineer
165,D4,6,"Teknologi Komputer Jaringan (TKJ), Multimedia, Pemrograman, Desain Grafis",SNMPTN/SNBP,74.2,Computer Engineer
166,D3,3,Fisika,SBMPN,730.0,Industrial Electrician
167,D4,11,"Desain Grafis, Matematika, Pemrograman",SBMPN,72.9,UI/UX Designer
168,D4,1,Elektronika,SBMPTN/SNBT,92.2,Electronics Technician
169,D4,4,"Teknik Instalasi Tenaga Listrik (TITL), Statistika, Teknologi Komputer Jaringan (TKJ), Matematika",SIMANDIRI,94.2,Cybersecurity Analyst
170,D4,11,"Pemrograman, Matematika, Kimia, Desain Animasi",SIMANDIRI,79.6,UI/UX Designer
171,D4,10,"Teknologi Komputer Jaringan (TKJ), Multimedia, Teknik Instalasi Tenaga Listrik (TITL)",SNMPN,635.0,DevOps Engineer
172,D4,10,"Kimia, Fisika, Multimedia",SNMPN,455.0,Cloud Engineer
173,D4,11,"Elektronika, Desain Grafis, Fisika, Matematika",SBMPTN/SNBT,454.0,Digital Content Creator
174,D4,12,"Desain Animasi, Pemrograman, Teknologi Komputer Jaringan (TKJ)",SBMPTN/SNBT,745.0,Machine Learning Engineer
175,D3,3,"Teknik Tenaga Listrik (TTL), Kimia",SNMPTN/SNBP,90.3,Control Systems Engineer
176,D4,1,"Elektronika, Teknik Tenaga Listrik (TTL), Desain Grafis, Teknik Instalasi Tenaga Listrik (TITL)",SBMPN,645.0,Electronics Technician
177,D4,1,"Desain Animasi, Kimia, Desain Grafis",SBMPTN/SNBT,71.2,Embedded Systems Engineer
178,D4,10,"Statistika, Matematika, Desain Grafis",SBMPN,602.0,DevOps Engineer
179,D4,8,"Desain Grafis, Teknik Tenaga Listrik (TTL)",SBMPTN/SNBT,70.6,Power Plant Operator
180,D4,5,"Pemrograman, Fisika",SNMPN,733.0,Robotics Engineer
181,D4,12,Multimedia,SNMPTN/SNBP,93.7,Machine Learning Engineer
182,D3,7,"Teknologi Komputer Jaringan (TKJ), Elektronika",SBMPN,725.0,Multimedia Designer
183,D4,9,Desain Grafis,SBMPTN/SNBT,71.9,Game Developer
184,D4,3,Kimia,SBMPTN/SNBT,657.0,Automation Engineer
185,D4,5,"Desain Animasi, Matematika, Multimedia, Teknik Tenaga Listrik (TTL)",SNMPTN/SNBP,577.0,Mechatronics Specialist
186,D4,12,"Statistika, Teknik Tenaga Listrik (TTL), Matematika, Kimia",SNMPTN/SNBP,70.6,Machine Learning Engineer
187,D4,8,"Teknik Instalasi Tenaga Listrik (TITL), Desain Grafis, Kimia, Multimedia",SNMPN,530.0,Renewable Energy Engineer
188,D4,6,"Matematika, Teknik Tenaga Listrik (TTL), Statistika",SNMPTN/SNBP,648.0,IT Support Specialist
189,D4,8,"Desain Animasi, Statistika",SIMANDIRI,89.8,Power Plant Operator
190,D3,3,"Pemrograman, Matematika, Teknik Instalasi Tenaga Listrik (TITL)",SNMPTN/SNBP,75.9,Industrial Electrician
191,D4,6,"Statistika, Desain Grafis",SNMPN,69.3,IT Support Specialist
192,D3,1,"Kimia, Pemrograman, Teknik Tenaga Listrik (TTL)",SBMPTN/SNBT,496.0,Electronics Technician
193,D3,7,"Desain Grafis, Statistika, Elektronika, Matematika",SNMPN,607.0,Video Editor
194,D4,12,"Teknologi Komputer Jaringan (TKJ), Matematika, Desain Animasi, Teknik Tenaga Listrik (TTL)",SNMPN,72.5,Business Intelligence Analyst
195,D3,3,Multimedia,SBMPN,557.0,Control Systems Engineer
196,D4,10,"Kimia, Teknik Tenaga Listrik (TTL), Teknik Instalasi Tenaga Listrik (TITL)",SBMPTN/SNBT,81.6,Cloud Engineer
197,D4,11,Fisika,SBMPTN/SNBT,651.0,Motion Graphics Artist
198,D4,11,"Teknik Tenaga Listrik (TTL), Matematika, Fisika",SBMPTN/SNBT,460.0,Motion Graphics Artist
199,D4,8,Teknik Tenaga Listrik (TTL),SNMPN,77.6,Renewable Energy Engineer
200,D4,2,Teknik Instalasi Tenaga Listrik (TITL),SNMPTN/SNBP,75.3,Network Engineer
201,D3,1,Teknologi Komputer Jaringan (TKJ),SNMPTN/SNBP,93.5,Electronics Technician
202,D4,3,Desain Animasi,SNMPTN/SNBP,548.0,Industrial Electrician
203,D3,7,"Kimia, Fisika, Statistika, Multimedia",SBMPN,78.2,Video Editor
204,D4,3,"Multimedia, Teknik Tenaga Listrik (TTL), Kimia",SBMPN,706.0,Automation Engineer
205,D4,11,"Desain Grafis, Elektronika, Pemrograman",SIMANDIRI,67.8,Motion Graphics Artist
206,D4,8,"Statistika, Matematika, Kimia",SBMPN,461.0,Renewable Energy Engineer
207,D4,2,"Elektronika, Kimia",SNMPN,93.2,Telecommunications Specialist
208,D3,7,"Desain Grafis, Statistika, Desain Animasi, Elektronika",SBMPTN/SNBT,482.0,Multimedia Designer
209,D4,6,"Teknik Instalasi Tenaga Listrik (TITL), Pemrograman",SBMPN,92.2,IT Support Specialist
210,D4,11,"Teknik Instalasi Tenaga Listrik (TITL), Teknologi Komputer Jaringan (TKJ), Elektronika",SBMPTN/SNBT,704.0,UI/UX Designer
211,D4,4,Desain Animasi,SBMPTN/SNBT,709.0,Cybersecurity Analyst
212,D4,6,"Multimedia, Kimia, Teknologi Komputer Jaringan (TKJ), Matematika",SBMPTN/SNBT,67.1,IT Support Specialist
213,D3,4,"Fisika, Teknologi Komputer Jaringan (TKJ), Pemrograman, Desain Grafis",SBMPN,594.0,Full Stack Developer
214,D4,8,Matematika,SNMPTN/SNBP,82.1,Power Plant Operator
215,D3,7,"Kimia, Multimedia, Teknik Tenaga Listrik (TTL), Teknik Instalasi Tenaga Listrik (TITL)",SBMPTN/SNBT,690.0,Broadcast Engineer
216,D4,9,Pemrograman,SNMPTN/SNBP,77.7,3D Modeler
217,D3,7,Pemrograman,SBMPN,93.6,Video Editor
218,D4,8,"Pemrograman, Desain Animasi, Matematika",SBMPN,574.0,Renewable Energy Engineer
219,D4,5,"Desain Animasi, Elektronika, Statistika",SBMPN,72.9,Robotics Engineer
220,D3,1,"Desain Grafis, Fisika, Teknik Tenaga Listrik (TTL), Pemrograman",SBMPN,665.0,Embedded Systems Engineer
221,D4,5,"Pemrograman, Kimia, Statistika",SNMPN,618.0,Mechatronics Specialist
222,D4,5,"Fisika, Desain Grafis, Matematika",SNMPTN/SNBP,68.3,Mechatronics Specialist
223,D4,3,"Teknologi Komputer Jaringan (TKJ), Matematika, Pemrograman, Kimia",SBMPTN/SNBT,68.3,Control Systems Engineer
224,D3,7,"Desain Animasi, Teknologi Komputer Jaringan (TKJ)",SNMPTN/SNBP,570.0,Broadcast Engineer
225,D4,9,Teknologi Komputer Jaringan (TKJ),SBMPN,668.0,Game Designer
226,D4,2,"Multimedia, Pemrograman, Desain Grafis",SIMANDIRI,91.4,Telecommunications Specialist
227,D4,9,"Desain Grafis, Teknik Tenaga Listrik (TTL), Teknik Instalasi Tenaga Listrik (TITL), Kimia",SNMPTN/SNBP,93.1,Game Developer
228,D4,9,"Teknik Instalasi Tenaga Listrik (TITL), Pemrograman, Teknik Tenaga Listrik (TTL), Fisika",SNMPTN/SNBP,576.0,Game Designer
229,D4,9,"Pemrograman, Desain Grafis, Desain Animasi, Multimedia",SBMPTN/SNBT,551.0,Game Designer
230,D4,12,"Elektronika, Desain Animasi",SBMPN,643.0,Machine Learning Engineer
231,D4,2,Teknik Tenaga Listrik (TTL),SNMPTN/SNBP,74.7,Telecommunications Specialist
232,D3,2,"Desain Grafis, Matematika, Multimedia, Teknik Instalasi Tenaga Listrik (TITL)",SNMPTN/SNBP,676.0,RF Engineer
233,D4,6,"Pemrograman, Fisika, Teknik Instalasi Tenaga Listrik (TITL)",SBMPTN/SNBT,557.0,System Administrator
234,D3,7,"Teknik Tenaga Listrik (TTL), Desain Animasi, Kimia",SNMPTN/SNBP,71.7,Video Editor
235,D3,3,"Fisika, Desain Grafis, Teknik Instalasi Tenaga Listrik (TITL)",SNMPTN/SNBP,633.0,Industrial Electrician
236,D4,11,Teknik Instalasi Tenaga Listrik (TITL),SNMPTN/SNBP,70.3,Motion Graphics Artist
237,D4,2,Statistika,SBMPTN/SNBT,80.8,Network Engineer
238,D4,8,Elektronika,SBMPTN/SNBT,609.0,Energy Analyst
239,D4,6,"Teknik Tenaga Listrik (TTL), Multimedia, Pemrograman",SNMPTN/SNBP,508.0,Computer Engineer
240,D4,5,Matematika,SIMANDIRI,659.0,Automation Engineer
241,D4,6,Teknik Tenaga Listrik (TTL),SNMPTN/SNBP,81.6,IT Support Specialist
242,D4,9,"Fisika, Teknik Tenaga Listrik (TTL)",SNMPTN/SNBP,518.0,Game Developer
243,D4,6,Elektronika,SNMPTN/SNBP,633.0,System Administrator
244,D4,3,"Teknik Instalasi Tenaga Listrik (TITL), Multimedia",SBMPTN/SNBT,88.6,Automation Engineer
245,D4,4,"Kimia, Elektronika",SBMPTN/SNBT,67.9,Software Engineer
246,D4,11,"Pemrograman, Fisika, Teknik Instalasi Tenaga Listrik (TITL)",SNMPN,87.8,Digital Content Creator
247,D4,9,"Desain Animasi, Statistika, Fisika",SNMPN,93.7,3D Modeler
248,D4,3,"Multimedia, Teknik Instalasi Tenaga Listrik (TITL), Desain Animasi",SBMPN,649.0,Automation Engineer
249,D4,1,"Matematika, Multimedia, Fisika, Desain Animasi",SBMPN,86.0,Electrical Engineer
250,D3,2,"Teknik Instalasi Tenaga Listrik (TITL), Kimia, Matematika",SIMANDIRI,74.2,RF Engineer
251,D4,5,"Fisika, Teknologi Komputer Jaringan (TKJ)",SBMPN,591.0,Automation Engineer
252,D3,1,"Statistika, Fisika, Multimedia, Kimia",SBMPN,86.1,Electrical Engineer
253,D3,7,"Elektronika, Teknik Tenaga Listrik (TTL), Pemrograman",SNMPTN/SNBP,92.1,Multimedia Designer
254,D4,8,"Multimedia, Statistika, Teknik Tenaga Listrik (TTL)",SIMANDIRI,68.3,Renewable Energy Engineer
255,D4,9,Multimedia,SBMPN,596.0,Game Developer
256,D4,2,Teknologi Komputer Jaringan (TKJ),SIMANDIRI,727.0,Network Engineer
257,D4,2,"Fisika, Desain Grafis, Pemrograman",SBMPN,624.0,Telecommunications Specialist
258,D3,2,Teknologi Komputer Jaringan (TKJ),SNMPTN/SNBP,80.4,RF Engineer
259,D4,11,Fisika,SBMPN,89.2,Digital Content Creator
260,D4,3,Matematika,SNMPN,595.0,Industrial Electrician
261,D4,1,"Desain Grafis, Multimedia, Pemrograman",SNMPN,569.0,Electrical Engineer
262,D4,10,"Fisika, Desain Grafis, Teknik Instalasi Tenaga Listrik (TITL)",SNMPTN/SNBP,91.7,DevOps Engineer
263,D4,8,"Matematika, Elektronika",SBMPN,494.0,Energy Analyst
264,D3,2,Matematika,SIMANDIRI,69.3,Network Engineer
265,D3,1,"Statistika, Matematika, Desain Animasi, Teknik Instalasi Tenaga Listrik (TITL)",SBMPTN/SNBT,635.0,Electrical Engineer
266,D4,12,Multimedia,SBMPTN/SNBT,83.6,Machine Learning Engineer
267,D4,1,"Teknologi Komputer Jaringan (TKJ), Multimedia",SNMPN,78.4,Embedded Systems Engineer
268,D4,1,"Statistika, Kimia, Teknik Instalasi Tenaga Listrik (TITL)",SBMPN,79.3,Electrical Engineer
269,D4,8,"Fisika, Pemrograman, Teknologi Komputer Jaringan (TKJ)",SNMPN,71.7,Energy Analyst
270,D4,5,Pemrograman,SBMPTN/SNBT,456.0,Automation Engineer
271,D3,3,"Statistika, Fisika",SBMPTN/SNBT,89.4,Industrial Electrician
272,D4,3,"Multimedia, Desain Animasi, Teknik Tenaga Listrik (TTL), Fisika",SBMPN,493.0,Control Systems Engineer
273,D3,4,Kimia,SBMPN,88.2,Cybersecurity Analyst
274,D4,12,"Matematika, Teknik Instalasi Tenaga Listrik (TITL), Statistika, Teknik Tenaga Listrik (TTL)",SBMPN,661.0,Data Scientist
275,D3,4,"Multimedia, Desain Grafis",SNMPTN/SNBP,82.7,Full Stack Developer
276,D4,11,"Multimedia, Teknologi Komputer Jaringan (TKJ)",SNMPTN/SNBP,74.1,Motion Graphics Artist
277,D3,7,"Teknik Instalasi Tenaga Listrik (TITL), Desain Animasi, Matematika, Statistika",SBMPN,93.2,Video Editor
278,D4,12,Kimia,SBMPTN/SNBT,81.3,Data Scientist
279,D4,2,"Kimia, Multimedia",SNMPTN/SNBP,453.0,Telecommunications Specialist
280,D4,12,"Matematika, Teknik Tenaga Listrik (TTL), Elektronika",SNMPTN/SNBP,505.0,Data Scientist
281,D4,1,"Statistika, Teknik Tenaga Listrik (TTL)",SNMPN,67.3,Embedded Systems Engineer
282,D4,10,"Desain Animasi, Teknik Instalasi Tenaga Listrik (TITL), Matematika, Desain Grafis",SBMPTN/SNBT,94.8,Network Security Specialist
283,D4,10,"Teknologi Komputer Jaringan (TKJ), Desain Grafis",SIMANDIRI,89.3,DevOps Engineer
284,D4,10,"Teknik Tenaga Listrik (TTL), Teknologi Komputer Jaringan (TKJ), Statistika",SNMPN,708.0,Cloud Engineer
285,D3,3,"Pemrograman, Elektronika, Desain Animasi",SBMPTN/SNBT,87.6,Industrial Electrician
286,D4,11,"Fisika, Pemrograman, Teknik Tenaga Listrik (TTL)",SBMPTN/SNBT,76.0,Motion Graphics Artist
287,D4,8,Desain Grafis,SNMPTN/SNBP,83.0,Renewable Energy Engineer
288,D4,10,"Desain Animasi, Teknik Tenaga Listrik (TTL), Kimia",SBMPTN/SNBT,586.0,Cloud Engineer
289,D4,5,"Statistika, Teknik Tenaga Listrik (TTL), Teknologi Komputer Jaringan (TKJ), Kimia",SBMPTN/SNBT,81.3,Robotics Engineer
290,D4,2,Teknik Instalasi Tenaga Listrik (TITL),SIMANDIRI,505.0,RF Engineer
291,D3,7,"Fisika, Statistika, Desain Animasi, Matematika",SBMPTN/SNBT,74.4,Video Editor
292,D4,6,"Matematika, Pemrograman",SNMPN,465.0,Computer Engineer
293,D4,11,"Teknik Instalasi Tenaga Listrik (TITL), Matematika, Teknologi Komputer Jaringan (TKJ)",SBMPTN/SNBT,680.0,Digital Content Creator
294,D4,6,"Desain Animasi, Kimia, Desain Grafis, Teknik Instalasi Tenaga Listrik (TITL)",SNMPN,72.7,Computer Engineer
295,D4,2,"Elektronika, Fisika, Pemrograman",SNMPTN/SNBP,632.0,RF Engineer
296,D3,1,"Pemrograman, Fisika, Teknologi Komputer Jaringan (TKJ), Desain Grafis",SBMPN,92.9,Electronics Technician
297,D4,9,Statistika,SNMPN,661.0,3D Modeler
298,D3,7,"Statistika, Multimedia, Elektronika, Teknologi Komputer Jaringan (TKJ)",SNMPN,681.0,Multimedia Designer
299,D3,3,"Multimedia, Desain Grafis, Matematika",SBMPTN/SNBT,88.6,Automation Engineer
300,D4,10,"Pemrograman, Kimia",SBMPTN/SNBT,74.7,Network Security Specialist
301,D4,2,"Pemrograman, Statistika, Kimia, Elektronika",SBMPTN/SNBT,734.0,RF Engineer
302,D3,1,"Elektronika, Multimedia",SIMANDIRI,579.0,Electronics Technician
303,D3,7,Teknologi Komputer Jaringan (TKJ),SBMPTN/SNBT,486.0,Multimedia Designer
304,D4,11,Matematika,SIMANDIRI,74.5,UI/UX Designer
305,D4,10,"Matematika, Statistika, Teknik Instalasi Tenaga Listrik (TITL)",SIMANDIRI,89.9,Network Security Specialist
306,D4,5,"Pemrograman, Elektronika, Matematika",SNMPN,747.0,Robotics Engineer
307,D3,3,"Teknologi Komputer Jaringan (TKJ), Statistika",SIMANDIRI,712.0,Industrial Electrician
308,D4,12,"Teknik Instalasi Tenaga Listrik (TITL), Multimedia, Teknik Tenaga Listrik (TTL)",SNMPTN/SNBP,80.6,Business Intelligence Analyst
309,D4,9,Fisika,SNMPTN/SNBP,93.1,Game Developer
310,D4,9,"Desain Animasi, Teknik Tenaga Listrik (TTL), Fisika, Teknik Instalasi Tenaga Listrik (TITL)",SNMPTN/SNBP,92.4,3D Modeler
311,D4,5,"Teknik Tenaga Listrik (TTL), Statistika, Desain Animasi",SBMPN,75.8,Robotics Engineer
312,D4,5,"Fisika, Desain Animasi, Statistika, Kimia",SNMPN,90.4,Automation Engineer
313,D3,7,"Desain Animasi, Elektronika, Kimia",SNMPTN/SNBP,735.0,Broadcast Engineer
314,D4,11,"Pemrograman, Desain Grafis, Statistika",SBMPN,523.0,Digital Content Creator
315,D4,12,Teknik Tenaga Listrik (TTL),SNMPTN/SNBP,72.1,Business Intelligence Analyst
316,D4,4,"Matematika, Elektronika",SBMPTN/SNBT,598.0,Cybersecurity Analyst
317,D4,12,"Desain Animasi, Teknik Tenaga Listrik (TTL), Statistika",SBMPTN/SNBT,543.0,Machine Learning Engineer
318,D4,6,"Teknologi Komputer Jaringan (TKJ), Teknik Tenaga Listrik (TTL)",SBMPN,66.2,Computer Engineer
319,D4,11,Pemrograman,SBMPN,557.0,Digital Content Creator
320,D4,12,"Teknologi Komputer Jaringan (TKJ), Elektronika",SNMPTN/SNBP,91.6,Data Scientist
321,D4,10,"Teknik Tenaga Listrik (TTL), Fisika, Elektronika, Matematika",SNMPTN/SNBP,71.3,DevOps Engineer
322,D4,6,Pemrograman,SBMPTN/SNBT,504.0,IT Support Specialist
323,D4,10,"Statistika, Desain Grafis, Pemrograman, Teknologi Komputer Jaringan (TKJ)",SBMPTN/SNBT,458.0,Cloud Engineer
324,D4,9,"Teknik Tenaga Listrik (TTL), Desain Grafis, Kimia",SBMPN,524.0,Game Designer
325,D4,6,Kimia,SNMPN,77.6,IT Support Specialist
326,D3,1,Desain Animasi,SBMPTN/SNBT,725.0,Electronics Technician
327,D4,10,Desain Grafis,SBMPTN/SNBT,745.0,DevOps Engineer
328,D4,3,"Desain Grafis, Teknik Tenaga Listrik (TTL)",SNMPTN/SNBP,71.5,Control Systems Engineer
329,D4,10,Matematika,SBMPTN/SNBT,71.2,Network Security Specialist
330,D3,3,"Desain Grafis, Statistika",SNMPTN/SNBP,620.0,Automation Engineer
331,D4,8,"Desain Animasi, Teknik Tenaga Listrik (TTL)",SBMPTN/SNBT,85.0,Renewable Energy Engineer
332,D3,4,"Teknik Instalasi Tenaga Listrik (TITL), Teknologi Komputer Jaringan (TKJ), Desain Animasi, Teknik Tenaga Listrik (TTL)",SBMPN,595.0,Full Stack Developer
333,D4,9,Pemrograman,SNMPN,90.1,3D Modeler
334,D4,5,"Desain Animasi, Multimedia, Elektronika",SBMPN,70.5,Robotics Engineer
335,D4,11,"Teknologi Komputer Jaringan (TKJ), Desain Grafis, Elektronika",SNMPTN/SNBP,65.2,Digital Content Creator
336,D4,9,Multimedia,SNMPTN/SNBP,94.7,Game Developer
337,D4,9,"Fisika, Pemrograman, Desain Animasi, Multimedia",SBMPTN/SNBT,453.0,Game Designer
338,D4,8,Teknik Tenaga Listrik (TTL),SNMPTN/SNBP,91.2,Power Plant Operator
339,D4,10,"Statistika, Fisika, Teknik Instalasi Tenaga Listrik (TITL)",SBMPTN/SNBT,89.0,Cloud Engineer
340,D4,1,"Fisika, Teknik Tenaga Listrik (TTL)",SBMPTN/SNBT,88.9,Electrical Engineer
341,D4,11,"Desain Grafis, Matematika",SNMPTN/SNBP,85.3,UI/UX Designer
342,D4,4,"Desain Grafis, Teknologi Komputer Jaringan (TKJ), Fisika, Matematika",SNMPTN/SNBP,601.0,Full Stack Developer
343,D3,1,"Pemrograman, Teknik Tenaga Listrik (TTL), Kimia",SNMPTN/SNBP,66.2,Embedded Systems Engineer
344,D4,11,"Elektronika, Teknik Instalasi Tenaga Listrik (TITL), Desain Animasi",SNMPTN/SNBP,77.8,Digital Content Creator
345,D3,3,"Teknik Tenaga Listrik (TTL), Pemrograman, Elektronika, Teknologi Komputer Jaringan (TKJ)",SBMPTN/SNBT,479.0,Industrial Electrician
346,D4,11,"Teknik Tenaga Listrik (TTL), Multimedia",SNMPTN/SNBP,460.0,Motion Graphics Artist
347,D3,7,"Kimia, Statistika",SIMANDIRI,85.5,Broadcast Engineer
348,D4,3,"Teknik Tenaga Listrik (TTL), Kimia",SNMPTN/SNBP,90.9,Automation Engineer
349,D4,2,"Elektronika, Desain Grafis, Fisika, Multimedia",SIMANDIRI,566.0,Network Engineer
350,D3,2,"Desain Grafis, Teknologi Komputer Jaringan (TKJ), Elektronika",SBMPTN/SNBT,722.0,Telecommunications Specialist
351,D3,4,"Matematika, Multimedia, Kimia",SNMPN,86.5,Full Stack Developer
352,D3,7,"Multimedia, Kimia, Pemrograman",SBMPTN/SNBT,660.0,Broadcast Engineer
353,D4,9,Multimedia,SNMPN,741.0,Game Developer
354,D4,8,"Elektronika, Multimedia, Teknologi Komputer Jaringan (TKJ), Desain Animasi",SBMPN,454.0,Energy Analyst
355,D4,9,Desain Animasi,SBMPN,716.0,Game Designer
356,D4,12,"Teknik Tenaga Listrik (TTL), Teknik Instalasi Tenaga Listrik (TITL)",SBMPTN/SNBT,93.8,Business Intelligence Analyst
357,D4,8,"Teknik Tenaga Listrik (TTL), Teknik Instalasi Tenaga Listrik (TITL), Statistika",SBMPTN/SNBT,505.0,Power Plant Operator
358,D4,1,Multimedia,SBMPN,84.6,Electrical Engineer
359,D4,3,"Matematika, Teknik Tenaga Listrik (TTL), Fisika",SNMPN,93.2,Control Systems Engineer
360,D4,1,"Teknik Instalasi Tenaga Listrik (TITL), Multimedia, Desain Grafis",SNMPN,611.0,Embedded Systems Engineer
361,D4,5,"Desain Grafis, Teknik Tenaga Listrik (TTL)",SBMPN,667.0,Robotics Engineer
362,D3,4,"Teknik Tenaga Listrik (TTL), Teknologi Komputer Jaringan (TKJ), Elektronika",SNMPTN/SNBP,84.0,Full Stack Developer
363,D4,11,"Desain Animasi, Fisika, Teknologi Komputer Jaringan (TKJ), Multimedia",SNMPTN/SNBP,620.0,Digital Content Creator
364,D4,1,Teknologi Komputer Jaringan (TKJ),SBMPN,93.5,Embedded Systems Engineer
365,D4,9,"Matematika, Desain Animasi",SNMPTN/SNBP,635.0,Game Developer
366,D4,12,"Teknik Instalasi Tenaga Listrik (TITL), Multimedia, Desain Animasi",SNMPTN/SNBP,691.0,Business Intelligence Analyst
367,D4,12,"Desain Animasi, Kimia",SNMPTN/SNBP,79.7,Business Intelligence Analyst
368,D4,3,"Multimedia, Teknik Instalasi Tenaga Listrik (TITL), Fisika",SBMPN,676.0,Control Systems Engineer
369,D3,4,"Fisika, Multimedia, Desain Grafis, Kimia",SIMANDIRI,92.0,Full Stack Developer
370,D4,11,"Fisika, Pemrograman",SBMPN,67.0,Digital Content Creator
371,D4,11,Kimia,SNMPTN/SNBP,65.3,Motion Graphics Artist
372,D4,9,"Teknik Tenaga Listrik (TTL), Teknologi Komputer Jaringan (TKJ)",SBMPN,90.2,3D Modeler
373,D3,1,"Multimedia, Fisika, Teknologi Komputer Jaringan (TKJ)",SBMPTN/SNBT,719.0,Embedded Systems Engineer
374,D4,8,"Statistika, Multimedia, Pemrograman, Teknik Instalasi Tenaga Listrik (TITL)",SBMPTN/SNBT,94.0,Energy Analyst
375,D4,9,Elektronika,SBMPN,596.0,Game Developer
376,D3,3,"Statistika, Multimedia, Teknik Instalasi Tenaga Listrik (TITL), Pemrograman",SBMPN,88.2,Automation Engineer
377,D4,3,"Kimia, Fisika, Multimedia",SIMANDIRI,745.0,Automation Engineer
378,D3,2,"Multimedia, Teknik Instalasi Tenaga Listrik (TITL)",SNMPTN/SNBP,82.3,RF Engineer
379,D4,6,"Teknik Instalasi Tenaga Listrik (TITL), Desain Animasi",SNMPTN/SNBP,83.0,Computer Engineer
380,D4,12,Multimedia,SNMPTN/SNBP,84.2,Machine Learning Engineer
381,D4,10,"Statistika, Fisika, Teknologi Komputer Jaringan (TKJ), Teknik Tenaga Listrik (TTL)",SNMPN,85.8,Network Security Specialist
382,D4,12,"Pemrograman, Teknik Instalasi Tenaga Listrik (TITL), Fisika, Teknologi Komputer Jaringan (TKJ)",SBMPTN/SNBT,89.4,Machine Learning Engineer
383,D4,1,"Fisika, Teknologi Komputer Jaringan (TKJ), Teknik Instalasi Tenaga Listrik (TITL), Kimia",SBMPN,667.0,Embedded Systems Engineer
384,D4,5,"Pemrograman, Fisika",SBMPN,714.0,Robotics Engineer
385,D4,11,"Statistika, Kimia",SNMPTN/SNBP,83.5,UI/UX Designer
386,D4,6,Fisika,SNMPN,565.0,Computer Engineer
387,D3,2,"Teknik Tenaga Listrik (TTL), Desain Animasi",SIMANDIRI,91.7,RF Engineer
388,D3,3,"Fisika, Elektronika",SBMPN,651.0,Automation Engineer
389,D3,3,Statistika,SBMPN,91.1,Automation Engineer
390,D4,12,"Statistika, Multimedia, Teknologi Komputer Jaringan (TKJ)",SBMPN,728.0,Business Intelligence Analyst
391,D4,8,"Fisika, Multimedia, Desain Animasi",SBMPTN/SNBT,743.0,Power Plant Operator
392,D4,12,"Teknik Instalasi Tenaga Listrik (TITL), Matematika",SNMPTN/SNBP,486.0,Data Scientist
393,D3,2,"Elektronika, Teknik Tenaga Listrik (TTL)",SBMPTN/SNBT,667.0,RF Engineer
394,D4,8,Teknik Instalasi Tenaga Listrik (TITL),SBMPTN/SNBT,526.0,Power Plant Operator
395,D4,3,"Teknologi Komputer Jaringan (TKJ), Kimia, Statistika, Pemrograman",SNMPN,680.0,Control Systems Engineer
396,D4,10,Desain Animasi,SNMPN,722.0,Network Security Specialist
397,D4,11,"Desain Grafis, Teknologi Komputer Jaringan (TKJ)",SIMANDIRI,65.7,UI/UX Designer
398,D4,9,"Multimedia, Statistika, Matematika, Elektronika",SNMPN,66.2,Game Developer
399,D4,4,Fisika,SNMPTN/SNBP,590.0,Cybersecurity Analyst
400,D3,3,"Desain Grafis, Multimedia",SBMPTN/SNBT,600.0,Control Systems Engineer
401,D4,8,Kimia,SBMPN,65.3,Power Plant Operator
402,D4,9,"Fisika, Matematika, Desain Grafis",SNMPTN/SNBP,92.3,3D Modeler
403,D4,2,"Desain Animasi, Elektronika",SNMPTN/SNBP,74.8,Network Engineer
404,D4,4,"Elektronika, Pemrograman, Matematika",SBMPN,90.1,Full Stack Developer
405,D4,8,Matematika,SNMPN,80.3,Renewable Energy Engineer
406,D4,1,Elektronika,SNMPTN/SNBP,711.0,Electrical Engineer
407,D3,1,Desain Animasi,SNMPTN/SNBP,639.0,Embedded Systems Engineer
408,D3,3,"Matematika, Pemrograman, Elektronika, Fisika",SNMPN,72.4,Industrial Electrician
409,D4,9,"Matematika, Teknologi Komputer Jaringan (TKJ), Fisika",SNMPTN/SNBP,70.9,Game Designer
410,D4,12,Pemrograman,SNMPTN/SNBP,83.5,Data Scientist
411,D3,7,"Desain Grafis, Teknologi Komputer Jaringan (TKJ), Kimia, Pemrograman",SBMPN,593.0,Multimedia Designer
412,D4,4,"Teknik Tenaga Listrik (TTL), Teknologi Komputer Jaringan (TKJ), Teknik Instalasi Tenaga Listrik (TITL)",SBMPTN/SNBT,94.1,Software Engineer
413,D4,11,"Teknik Instalasi Tenaga Listrik (TITL), Fisika",SNMPTN/SNBP,561.0,Motion Graphics Artist
414,D4,5,"Kimia, Teknologi Komputer Jaringan (TKJ), Teknik Tenaga Listrik (TTL), Desain Animasi",SNMPTN/SNBP,553.0,Automation Engineer
415,D4,6,"Desain Animasi, Multimedia, Teknik Tenaga Listrik (TTL)",SNMPTN/SNBP,629.0,System Administrator
416,D4,6,"Desain Grafis, Pemrograman, Statistika, Fisika",SNMPTN/SNBP,69.4,IT Support Specialist
417,D4,10,"Desain Grafis, Pemrograman",SNMPTN/SNBP,484.0,Cloud Engineer
418,D4,10,"Teknologi Komputer Jaringan (TKJ), Multimedia",SNMPTN/SNBP,85.2,Cloud Engineer
419,D4,4,"Teknik Tenaga Listrik (TTL), Fisika, Desain Animasi",SBMPTN/SNBT,457.0,Software Engineer
420,D4,10,"Elektronika, Desain Animasi",SNMPN,494.0,DevOps Engineer
421,D3,7,"Statistika, Teknologi Komputer Jaringan (TKJ), Elektronika",SBMPTN/SNBT,515.0,Video Editor
422,D4,6,"Desain Animasi, Teknologi Komputer Jaringan (TKJ), Kimia",SIMANDIRI,505.0,Computer Engineer
423,D3,7,"Desain Grafis, Statistika, Pemrograman",SBMPTN/SNBT,85.2,Video Editor
424,D4,10,"Teknologi Komputer Jaringan (TKJ), Elektronika",SBMPTN/SNBT,545.0,Cloud Engineer
425,D4,11,"Matematika, Teknologi Komputer Jaringan (TKJ), Fisika",SBMPN,94.3,Digital Content Creator
426,D4,8,"Pemrograman, Desain Animasi, Teknik Tenaga Listrik (TTL)",SBMPN,79.6,Renewable Energy Engineer
427,D4,6,"Multimedia, Pemrograman, Teknologi Komputer Jaringan (TKJ), Desain Animasi",SNMPTN/SNBP,79.6,IT Support Specialist
428,D3,4,"Teknik Instalasi Tenaga Listrik (TITL), Multimedia, Teknologi Komputer Jaringan (TKJ)",SBMPTN/SNBT,517.0,Cybersecurity Analyst
429,D4,5,"Teknik Tenaga Listrik (TTL), Multimedia, Desain Grafis, Statistika",SNMPTN/SNBP,85.5,Automation Engineer
430,D4,11,"Matematika, Multimedia, Teknik Tenaga Listrik (TTL), Desain Grafis",SNMPTN/SNBP,78.3,Motion Graphics Artist
431,D4,4,Matematika,SBMPTN/SNBT,526.0,Software Engineer
432,D4,5,Desain Grafis,SBMPN,518.0,Automation Engineer
433,D3,7,"Teknik Tenaga Listrik (TTL), Fisika, Kimia, Multimedia",SBMPTN/SNBT,91.3,Broadcast Engineer
434,D4,3,"Kimia, Desain Grafis, Desain Animasi, Statistika",SNMPTN/SNBP,66.3,Automation Engineer
435,D4,5,"Teknik Tenaga Listrik (TTL), Elektronika",SBMPN,643.0,Automation Engineer
436,D4,10,"Kimia, Multimedia",SNMPN,73.6,Network Security Specialist
437,D3,2,"Teknologi Komputer Jaringan (TKJ), Teknik Instalasi Tenaga Listrik (TITL), Teknik Tenaga Listrik (TTL), Pemrograman",SNMPTN/SNBP,76.4,RF Engineer
438,D3,7,"Kimia, Desain Grafis, Fisika",SBMPN,83.1,Multimedia Designer
439,D4,2,"Matematika, Elektronika",SBMPN,463.0,Network Engineer
440,D4,1,"Desain Animasi, Statistika, Teknik Instalasi Tenaga Listrik (TITL), Teknik Tenaga Listrik (TTL)",SBMPTN/SNBT,496.0,Embedded Systems Engineer
441,D4,2,"Desain Grafis, Matematika, Elektronika",SBMPTN/SNBT,711.0,Telecommunications Specialist
442,D4,3,"Fisika, Teknik Instalasi Tenaga Listrik (TITL), Desain Grafis, Matematika",SNMPTN/SNBP,93.9,Industrial Electrician
443,D4,8,"Desain Grafis, Teknologi Komputer Jaringan (TKJ)",SBMPN,92.1,Energy Analyst
444,D4,10,"Multimedia, Pemrograman",SNMPN,77.9,DevOps Engineer
445,D4,8,"Desain Grafis, Fisika, Teknik Instalasi Tenaga Listrik (TITL)",SBMPN,513.0,Energy Analyst
446,D3,4,"Teknik Tenaga Listrik (TTL), Teknologi Komputer Jaringan (TKJ)",SNMPTN/SNBP,80.2,Software Engineer
447,D4,10,Teknik Instalasi Tenaga Listrik (TITL),SIMANDIRI,89.2,DevOps Engineer
448,D4,9,"Teknik Tenaga Listrik (TTL), Desain Animasi, Multimedia",SNMPN,73.9,Game Designer
449,D4,11,"Pemrograman, Elektronika, Matematika, Fisika",SNMPN,538.0,Motion Graphics Artist
450,D4,9,"Desain Grafis, Pemrograman, Teknik Tenaga Listrik (TTL)",SNMPN,712.0,Game Developer
451,D4,8,"Multimedia, Elektronika, Matematika, Desain Animasi",SBMPTN/SNBT,538.0,Renewable Energy Engineer
452,D4,6,"Matematika, Fisika, Teknik Tenaga Listrik (TTL), Teknik Instalasi Tenaga Listrik (TITL)",SNMPN,73.6,System Administrator
453,D4,8,Desain Animasi,SBMPN,628.0,Power Plant Operator
454,D4,12,"Multimedia, Kimia, Matematika",SBMPN,66.5,Business Intelligence Analyst
455,D4,11,Matematika,SBMPTN/SNBT,549.0,Digital Content Creator
456,D4,9,Teknik Instalasi Tenaga Listrik (TITL),SNMPN,650.0,Game Designer
457,D4,2,"Matematika, Statistika, Teknik Instalasi Tenaga Listrik (TITL), Multimedia",SNMPN,81.9,RF Engineer
458,D4,2,Teknik Tenaga Listrik (TTL),SNMPN,69.2,RF Engineer
459,D4,10,"Multimedia, Fisika, Teknologi Komputer Jaringan (TKJ), Desain Grafis",SBMPN,705.0,Cloud Engineer
460,D4,8,"Matematika, Elektronika, Teknik Tenaga Listrik (TTL)",SNMPTN/SNBP,69.2,Power Plant Operator
461,D4,4,"Teknik Tenaga Listrik (TTL), Matematika, Pemrograman, Elektronika",SBMPTN/SNBT,85.5,Full Stack Developer
462,D4,11,"Desain Grafis, Fisika",SNMPN,71.5,UI/UX Designer
463,D4,9,Fisika,SNMPTN/SNBP,720.0,Game Designer
464,D4,9,"Statistika, Pemrograman, Teknik Instalasi Tenaga Listrik (TITL)",SBMPTN/SNBT,85.0,Game Designer
465,D4,5,Elektronika,SNMPTN/SNBP,695.0,Robotics Engineer
466,D4,4,"Teknik Tenaga Listrik (TTL), Matematika, Fisika",SBMPN,470.0,Software Engineer
467,D3,7,"Multimedia, Teknik Instalasi Tenaga Listrik (TITL), Teknologi Komputer Jaringan (TKJ)",SBMPTN/SNBT,82.5,Video Editor
468,D4,3,Matematika,SBMPTN/SNBT,502.0,Control Systems Engineer
469,D4,11,"Desain Animasi, Matematika",SNMPN,74.1,Motion Graphics Artist
470,D4,11,"Statistika, Multimedia",SNMPTN/SNBP,479.0,Digital Content Creator
471,D4,3,"Kimia, Desain Animasi, Teknik Tenaga Listrik (TTL), Multimedia",SNMPTN/SNBP,592.0,Control Systems Engineer
472,D4,6,"Multimedia, Matematika",SNMPTN/SNBP,632.0,IT Support Specialist
473,D4,2,"Teknik Instalasi Tenaga Listrik (TITL), Multimedia, Statistika, Desain Grafis",SNMPTN/SNBP,477.0,Network Engineer
474,D3,7,"Teknologi Komputer Jaringan (TKJ), Statistika, Multimedia",SBMPN,625.0,Video Editor
475,D4,5,"Matematika, Desain Animasi",SBMPN,602.0,Robotics Engineer
476,D4,2,Desain Grafis,SNMPN,67.8,RF Engineer
477,D3,7,"Multimedia, Teknik Tenaga Listrik (TTL), Teknologi Komputer Jaringan (TKJ), Elektronika",SNMPTN/SNBP,628.0,Multimedia Designer
478,D4,8,Elektronika,SBMPTN/SNBT,642.0,Power Plant Operator
479,D4,12,"Statistika, Multimedia",SNMPTN/SNBP,67.8,Business Intelligence Analyst
480,D4,4,"Teknologi Komputer Jaringan (TKJ), Elektronika, Pemrograman",SBMPN,504.0,Software Engineer
481,D4,9,Statistika,SIMANDIRI,65.0,3D Modeler
482,D4,3,"Statistika, Pemrograman, Elektronika, Teknologi Komputer Jaringan (TKJ)",SNMPN,492.0,Automation Engineer
483,D3,3,"Teknik Tenaga Listrik (TTL), Pemrograman",SBMPTN/SNBT,75.5,Control Systems Engineer
484,D3,7,"Statistika, Teknik Instalasi Tenaga Listrik (TITL), Teknologi Komputer Jaringan (TKJ), Pemrograman",SBMPN,490.0,Broadcast Engineer
485,D4,2,Matematika,SBMPN,585.0,Telecommunications Specialist
486,D4,9,Teknik Tenaga Listrik (TTL),SBMPTN/SNBT,79.6,Game Designer
487,D4,3,"Fisika, Kimia, Teknologi Komputer Jaringan (TKJ)",SNMPN,506.0,Control Systems Engineer
488,D4,4,Teknologi Komputer Jaringan (TKJ),SNMPTN/SNBP,70.1,Software Engineer
489,D3,7,"Multimedia, Desain Grafis, Teknologi Komputer Jaringan (TKJ)",SBMPTN/SNBT,469.0,Multimedia Designer
490,D4,12,"Multimedia, Matematika",SIMANDIRI,69.6,Machine Learning Engineer
491,D4,10,Matematika,SBMPTN/SNBT,464.0,Cloud Engineer
492,D4,8,"Matematika, Teknologi Komputer Jaringan (TKJ), Teknik Tenaga Listrik (TTL)",SNMPN,616.0,Energy Analyst
493,D4,9,Kimia,SNMPTN/SNBP,91.5,Game Developer
494,D4,10,"Teknik Tenaga Listrik (TTL), Elektronika, Teknik Instalasi Tenaga Listrik (TITL), Matematika",SNMPTN/SNBP,574.0,Network Security Specialist
495,D3,1,"Teknik Tenaga Listrik (TTL), Multimedia, Matematika",SNMPN,75.1,Electrical Engineer
496,D4,5,"Kimia, Teknik Tenaga Listrik (TTL)",SNMPN,562.0,Robotics Engineer
497,D4,3,Pemrograman,SBMPN,536.0,Automation Engineer
498,D3,4,"Elektronika, Fisika, Matematika",SNMPTN/SNBP,464.0,Software Engineer
499,D4,10,"Matematika, Kimia, Desain Animasi, Teknologi Komputer Jaringan (TKJ)",SNMPTN/SNBP,84.2,Network Security Specialist
500,D4,12,"Teknologi Komputer Jaringan (TKJ), Desain Grafis, Kimia, Matematika",SNMPN,71.7,Business Intelligence Analyst
501,D4,8,"Teknik Instalasi Tenaga Listrik (TITL), Fisika, Teknologi Komputer Jaringan (TKJ), Multimedia",SBMPTN/SNBT,91.8,Energy Analyst
502,D4,11,"Pemrograman, Teknik Instalasi Tenaga Listrik (TITL), Fisika, Statistika",SIMANDIRI,550.0,Motion Graphics Artist
503,D4,10,"Teknologi Komputer Jaringan (TKJ), Multimedia, Matematika",SBMPTN/SNBT,91.2,Network Security Specialist
504,D4,2,Multimedia,SBMPN,72.4,RF Engineer
505,D4,12,"Multimedia, Kimia, Teknologi Komputer Jaringan (TKJ), Desain Grafis",SBMPTN/SNBT,484.0,Business Intelligence Analyst
506,D3,7,"Kimia, Teknologi Komputer Jaringan (TKJ)",SBMPN,89.1,Broadcast Engineer
507,D3,7,"Pemrograman, Kimia",SBMPN,523.0,Multimedia Designer
508,D4,3,"Desain Grafis, Kimia, Multimedia",SNMPTN/SNBP,494.0,Industrial Electrician
509,D4,9,"Statistika, Matematika, Kimia, Fisika",SNMPN,80.9,Game Developer
510,D4,11,"Multimedia, Desain Grafis, Teknik Tenaga Listrik (TTL)",SNMPTN/SNBP,557.0,UI/UX Designer
511,D4,10,"Statistika, Matematika, Pemrograman",SNMPN,85.2,Network Security Specialist
512,D4,9,"Multimedia, Matematika, Elektronika, Desain Grafis",SBMPN,517.0,Game Developer
513,D3,3,"Multimedia, Kimia, Teknik Instalasi Tenaga Listrik (TITL), Desain Grafis",SBMPTN/SNBT,508.0,Industrial Electrician
514,D4,4,"Desain Grafis, Teknik Tenaga Listrik (TTL), Multimedia",SIMANDIRI,80.7,Cybersecurity Analyst
515,D4,3,"Kimia, Multimedia, Teknologi Komputer Jaringan (TKJ), Statistika",SBMPTN/SNBT,84.8,Control Systems Engineer
516,D4,9,"Fisika, Pemrograman, Teknologi Komputer Jaringan (TKJ)",SNMPTN/SNBP,82.1,Game Developer
517,D4,5,"Teknik Instalasi Tenaga Listrik (TITL), Statistika",SNMPN,93.3,Automation Engineer
518,D4,11,"Kimia, Matematika, Desain Animasi, Statistika",SBMPTN/SNBT,519.0,Digital Content Creator
519,D4,8,"Multimedia, Matematika",SBMPTN/SNBT,580.0,Renewable Energy Engineer
520,D4,3,"Desain Animasi, Pemrograman, Desain Grafis",SNMPTN/SNBP,89.4,Industrial Electrician
521,D3,3,Desain Animasi,SNMPTN/SNBP,71.0,Industrial Electrician
522,D4,8,"Teknik Tenaga Listrik (TTL), Teknologi Komputer Jaringan (TKJ)",SNMPTN/SNBP,89.6,Renewable Energy Engineer
523,D3,2,Matematika,SBMPTN/SNBT,65.8,RF Engineer
524,D3,3,"Elektronika, Desain Grafis, Teknologi Komputer Jaringan (TKJ)",SBMPN,80.3,Industrial Electrician
525,D4,8,"Kimia, Teknologi Komputer Jaringan (TKJ)",SIMANDIRI,90.3,Power Plant Operator
526,D4,11,"Teknologi Komputer Jaringan (TKJ), Matematika",SNMPTN/SNBP,699.0,Motion Graphics Artist
527,D4,4,"Multimedia, Matematika, Elektronika",SBMPTN/SNBT,536.0,Cybersecurity Analyst
528,D4,8,"Teknik Instalasi Tenaga Listrik (TITL), Matematika, Teknik Tenaga Listrik (TTL), Desain Animasi",SBMPN,67.1,Energy Analyst
529,D4,2,Teknik Instalasi Tenaga Listrik (TITL),SNMPN,724.0,Network Engineer
530,D3,3,"Matematika, Statistika, Pemrograman",SNMPTN/SNBP,627.0,Control Systems Engineer
531,D4,11,"Teknik Instalasi Tenaga Listrik (TITL), Teknik Tenaga Listrik (TTL)",SNMPTN/SNBP,568.0,Motion Graphics Artist
532,D4,5,"Fisika, Elektronika, Matematika, Teknologi Komputer Jaringan (TKJ)",SNMPTN/SNBP,88.8,Automation Engineer
533,D3,4,"Fisika, Multimedia, Elektronika",SNMPTN/SNBP,77.1,Software Engineer
534,D4,8,Matematika,SNMPTN/SNBP,722.0,Power Plant Operator
535,D4,9,"Fisika, Desain Animasi",SIMANDIRI,74.3,Game Developer
536,D4,10,"Desain Animasi, Teknik Instalasi Tenaga Listrik (TITL)",SNMPN,522.0,Network Security Specialist
537,D3,4,"Statistika, Matematika, Teknik Tenaga Listrik (TTL)",SNMPTN/SNBP,721.0,Full Stack Developer
538,D4,5,"Elektronika, Fisika, Statistika, Desain Animasi",SBMPN,691.0,Robotics Engineer
539,D4,5,"Elektronika, Kimia, Teknik Instalasi Tenaga Listrik (TITL), Statistika",SNMPN,84.7,Mechatronics Specialist
540,D4,1,Statistika,SIMANDIRI,75.9,Electrical Engineer
541,D4,5,"Kimia, Fisika, Pemrograman, Desain Animasi",SBMPN,607.0,Robotics Engineer
542,D4,9,"Desain Grafis, Matematika",SNMPTN/SNBP,67.5,3D Modeler
543,D4,11,"Multimedia, Desain Grafis, Teknik Tenaga Listrik (TTL), Teknologi Komputer Jaringan (TKJ)",SBMPTN/SNBT,607.0,UI/UX Designer
544,D3,3,"Matematika, Desain Animasi, Pemrograman, Statistika",SNMPN,562.0,Industrial Electrician
545,D4,4,"Elektronika, Desain Animasi",SNMPTN/SNBP,75.4,Software Engineer
546,D3,1,"Teknik Instalasi Tenaga Listrik (TITL), Matematika",SBMPN,593.0,Electrical Engineer
547,D4,12,"Elektronika, Desain Grafis",SIMANDIRI,69.3,Data Scientist
548,D4,9,"Kimia, Teknik Tenaga Listrik (TTL)",SBMPTN/SNBT,75.1,Game Developer
549,D4,5,"Fisika, Matematika",SNMPN,90.6,Automation Engineer
550,D4,6,Fisika,SNMPTN/SNBP,68.2,Computer Engineer
551,D4,9,"Statistika, Fisika, Matematika, Desain Animasi",SBMPTN/SNBT,726.0,3D Modeler
552,D4,4,"Teknologi Komputer Jaringan (TKJ), Multimedia",SIMANDIRI,602.0,Software Engineer
553,D4,8,"Matematika, Pemrograman",SNMPTN/SNBP,85.7,Power Plant Operator
554,D4,6,"Desain Animasi, Multimedia",SBMPTN/SNBT,74.3,Computer Engineer
555,D3,3,"Teknologi Komputer Jaringan (TKJ), Kimia, Desain Animasi, Statistika",SBMPN,90.0,Control Systems Engineer
556,D4,6,"Pemrograman, Fisika, Teknik Tenaga Listrik (TTL)",SBMPTN/SNBT,510.0,IT Support Specialist
557,D3,7,"Teknik Instalasi Tenaga Listrik (TITL), Multimedia",SNMPN,723.0,Multimedia Designer
558,D4,2,"Multimedia, Desain Grafis",SNMPN,699.0,Telecommunications Specialist
559,D4,8,"Statistika, Matematika",SBMPN,480.0,Power Plant Operator
560,D3,7,Pemrograman,SBMPN,734.0,Multimedia Designer
561,D3,4,"Desain Grafis, Pemrograman, Desain Animasi",SNMPTN/SNBP,576.0,Software Engineer
562,D4,9,"Pemrograman, Teknik Tenaga Listrik (TTL), Teknik Instalasi Tenaga Listrik (TITL)",SNMPTN/SNBP,574.0,Game Designer
563,D3,7,"Fisika, Matematika",SNMPN,87.4,Video Editor
564,D4,4,"Matematika, Multimedia, Teknik Instalasi Tenaga Listrik (TITL)",SBMPN,583.0,Full Stack Developer
565,D4,12,"Desain Animasi, Kimia",SIMANDIRI,94.7,Machine Learning Engineer
566,D4,6,"Elektronika, Pemrograman, Teknik Instalasi Tenaga Listrik (TITL), Multimedia",SNMPN,92.3,System Administrator
567,D4,4,"Statistika, Desain Animasi, Kimia",SBMPN,76.3,Full Stack Developer
568,D4,12,Pemrograman,SNMPTN/SNBP,552.0,Data Scientist
569,D4,9,Desain Animasi,SNMPN,484.0,3D Modeler
570,D3,1,"Desain Grafis, Teknologi Komputer Jaringan (TKJ), Desain Animasi",SNMPN,516.0,Embedded Systems Engineer
571,D4,9,Kimia,SNMPN,65.2,Game Designer
572,D3,7,Teknologi Komputer Jaringan (TKJ),SIMANDIRI,76.7,Multimedia Designer
573,D4,11,Teknik Tenaga Listrik (TTL),SBMPN,580.0,UI/UX Designer
574,D3,7,"Teknik Tenaga Listrik (TTL), Elektronika, Desain Animasi",SNMPTN/SNBP,82.0,Broadcast Engineer
575,D4,10,"Desain Grafis, Multimedia, Desain Animasi, Statistika",SNMPTN/SNBP,475.0,Network Security Specialist
576,D4,5,Matematika,SNMPTN/SNBP,750.0,Robotics Engineer
577,D4,12,Teknik Instalasi Tenaga Listrik (TITL),SBMPN,580.0,Data Scientist
578,D4,8,"Desain Animasi, Teknik Instalasi Tenaga Listrik (TITL), Pemrograman",SBMPN,453.0,Power Plant Operator
579,D4,9,Teknologi Komputer Jaringan (TKJ),SBMPN,72.1,Game Developer
580,D3,3,"Teknik Instalasi Tenaga Listrik (TITL), Elektronika, Statistika, Matematika",SBMPN,502.0,Control Systems Engineer
581,D3,1,Teknologi Komputer Jaringan (TKJ),SNMPN,82.6,Embedded Systems Engineer
582,D4,9,"Teknik Instalasi Tenaga Listrik (TITL), Fisika, Matematika, Teknik Tenaga Listrik (TTL)",SBMPTN/SNBT,84.2,3D Modeler
583,D3,1,Desain Grafis,SNMPTN/SNBP,69.0,Embedded Systems Engineer
584,D4,12,"Multimedia, Teknik Tenaga Listrik (TTL)",SNMPN,480.0,Machine Learning Engineer
585,D4,5,Matematika,SNMPTN/SNBP,72.3,Mechatronics Specialist
586,D4,3,"Teknologi Komputer Jaringan (TKJ), Teknik Tenaga Listrik (TTL), Kimia",SNMPN,87.4,Control Systems Engineer
587,D4,8,"Teknik Instalasi Tenaga Listrik (TITL), Desain Animasi, Teknik Tenaga Listrik (TTL)",SBMPTN/SNBT,70.8,Energy Analyst
588,D4,12,"Matematika, Pemrograman, Teknik Instalasi Tenaga Listrik (TITL)",SNMPN,616.0,Data Scientist
589,D4,9,Fisika,SBMPTN/SNBT,68.8,Game Developer
590,D3,7,Elektronika,SBMPN,92.1,Multimedia Designer
591,D4,12,Teknologi Komputer Jaringan (TKJ),SBMPN,546.0,Machine Learning Engineer
592,D4,12,"Teknik Instalasi Tenaga Listrik (TITL), Elektronika, Teknik Tenaga Listrik (TTL)",SBMPTN/SNBT,68.7,Business Intelligence Analyst
593,D4,1,"Desain Animasi, Kimia, Fisika",SBMPTN/SNBT,454.0,Embedded Systems Engineer
594,D3,7,"Elektronika, Fisika, Pemrograman",SNMPTN/SNBP,74.4,Broadcast Engineer
595,D4,11,"Kimia, Teknik Instalasi Tenaga Listrik (TITL)",SNMPTN/SNBP,713.0,UI/UX Designer
596,D4,10,"Multimedia, Teknik Instalasi Tenaga Listrik (TITL), Pemrograman",SNMPTN/SNBP,76.0,Cloud Engineer
597,D3,3,Teknologi Komputer Jaringan (TKJ),SBMPTN/SNBT,695.0,Control Systems Engineer
598,D4,1,"Teknik Tenaga Listrik (TTL), Matematika",SNMPTN/SNBP,600.0,Embedded Systems Engineer
599,D3,1,"Kimia, Statistika",SNMPTN/SNBP,75.0,Electronics Technician
600,D4,9,"Desain Animasi, Kimia, Teknologi Komputer Jaringan (TKJ)",SNMPTN/SNBP,87.7,Game Developer
601,D4,5,"Desain Animasi, Matematika",SNMPN,535.0,Automation Engineer
602,D4,4,"Teknologi Komputer Jaringan (TKJ), Fisika, Teknik Tenaga Listrik (TTL)",SNMPTN/SNBP,550.0,Full Stack Developer
603,D4,1,"Matematika, Teknik Tenaga Listrik (TTL)",SBMPTN/SNBT,691.0,Electrical Engineer
604,D3,2,"Statistika, Desain Animasi",SBMPTN/SNBT,93.6,Telecommunications Specialist
605,D4,12,"Matematika, Teknik Instalasi Tenaga Listrik (TITL), Multimedia, Desain Animasi",SNMPN,83.3,Machine Learning Engineer
606,D3,3,"Matematika, Fisika",SNMPN,87.8,Industrial Electrician
607,D4,6,"Teknik Instalasi Tenaga Listrik (TITL), Teknik Tenaga Listrik (TTL), Fisika, Multimedia",SNMPN,658.0,IT Support Specialist
608,D4,8,"Desain Animasi, Kimia",SNMPTN/SNBP,508.0,Power Plant Operator
609,D4,4,Teknik Instalasi Tenaga Listrik (TITL),SNMPTN/SNBP,473.0,Full Stack Developer
610,D3,7,Kimia,SBMPTN/SNBT,70.8,Multimedia Designer
611,D4,6,"Matematika, Kimia, Fisika, Elektronika",SIMANDIRI,88.9,System Administrator
612,D3,4,"Fisika, Teknologi Komputer Jaringan (TKJ), Teknik Instalasi Tenaga Listrik (TITL), Desain Animasi",SIMANDIRI,508.0,Full Stack Developer
613,D4,8,Matematika,SBMPTN/SNBT,560.0,Renewable Energy Engineer
614,D4,8,"Teknik Instalasi Tenaga Listrik (TITL), Statistika, Desain Animasi",SNMPTN/SNBP,93.0,Renewable Energy Engineer
615,D4,1,Kimia,SNMPTN/SNBP,700.0,Embedded Systems Engineer
616,D4,10,"Desain Grafis, Elektronika",SBMPTN/SNBT,93.2,Cloud Engineer
617,D4,8,"Pemrograman, Teknik Tenaga Listrik (TTL)",SNMPTN/SNBP,85.2,Power Plant Operator
618,D3,3,"Pemrograman, Teknologi Komputer Jaringan (TKJ), Desain Animasi, Statistika",SBMPTN/SNBT,75.9,Control Systems Engineer
619,D4,6,Matematika,SBMPTN/SNBT,92.5,Computer Engineer
620,D4,11,"Teknik Instalasi Tenaga Listrik (TITL), Statistika, Elektronika",SBMPN,651.0,Motion Graphics Artist
621,D4,6,"Fisika, Teknik Instalasi Tenaga Listrik (TITL), Matematika",SNMPTN/SNBP,86.3,Computer Engineer
622,D4,9,"Teknologi Komputer Jaringan (TKJ), Pemrograman, Teknik Instalasi Tenaga Listrik (TITL)",SBMPTN/SNBT,88.2,3D Modeler
623,D4,11,"Pemrograman, Multimedia, Teknologi Komputer Jaringan (TKJ)",SBMPTN/SNBT,82.6,Motion Graphics Artist
624,D4,11,Fisika,SBMPN,82.2,Motion Graphics Artist
625,D4,11,"Desain Animasi, Statistika, Fisika",SIMANDIRI,531.0,Digital Content Creator
626,D4,4,Teknik Instalasi Tenaga Listrik (TITL),SNMPTN/SNBP,516.0,Software Engineer
627,D4,1,"Teknik Tenaga Listrik (TTL), Fisika, Statistika",SIMANDIRI,687.0,Electrical Engineer
628,D4,3,"Pemrograman, Desain Grafis",SNMPN,487.0,Industrial Electrician
629,D3,2,"Desain Animasi, Teknologi Komputer Jaringan (TKJ), Fisika",SNMPTN/SNBP,79.7,RF Engineer
630,D4,6,"Statistika, Desain Animasi",SNMPTN/SNBP,80.1,IT Support Specialist
631,D3,1,Statistika,SNMPN,606.0,Electronics Technician
632,D4,4,Teknik Tenaga Listrik (TTL),SBMPTN/SNBT,77.4,Full Stack Developer
633,D4,11,"Pemrograman, Statistika, Teknik Instalasi Tenaga Listrik (TITL)",SIMANDIRI,85.1,Motion Graphics Artist
634,D4,10,Desain Animasi,SBMPTN/SNBT,681.0,DevOps Engineer
635,D4,9,"Teknik Tenaga Listrik (TTL), Teknik Instalasi Tenaga Listrik (TITL), Matematika, Pemrograman",SBMPN,572.0,Game Designer
636,D4,6,"Elektronika, Teknik Tenaga Listrik (TTL), Teknologi Komputer Jaringan (TKJ), Fisika",SNMPTN/SNBP,664.0,System Administrator
637,D4,9,Kimia,SNMPTN/SNBP,72.1,Game Developer
638,D4,2,"Teknik Instalasi Tenaga Listrik (TITL), Fisika",SNMPTN/SNBP,77.6,Telecommunications Specialist
639,D3,1,"Desain Grafis, Statistika, Matematika",SBMPN,88.2,Embedded Systems Engineer
640,D3,2,"Desain Grafis, Teknik Tenaga Listrik (TTL)",SNMPN,577.0,Network Engineer
641,D4,10,"Desain Animasi, Statistika, Pemrograman",SIMANDIRI,80.3,Cloud Engineer
642,D4,12,"Multimedia, Pemrograman",SBMPTN/SNBT,744.0,Business Intelligence Analyst
643,D4,2,Pemrograman,SBMPN,82.7,RF Engineer
644,D4,11,Statistika,SBMPTN/SNBT,730.0,Digital Content Creator
645,D4,10,"Teknik Tenaga Listrik (TTL), Desain Animasi, Desain Grafis, Teknologi Komputer Jaringan (TKJ)",SBMPN,75.2,Cloud Engineer
646,D4,2,"Kimia, Teknik Instalasi Tenaga Listrik (TITL)",SNMPN,525.0,Telecommunications Specialist
647,D4,11,"Desain Grafis, Pemrograman",SBMPN,725.0,Digital Content Creator
648,D4,4,Multimedia,SBMPN,524.0,Cybersecurity Analyst
649,D4,5,"Desain Animasi, Pemrograman",SNMPTN/SNBP,658.0,Mechatronics Specialist
650,D3,4,Fisika,SNMPTN/SNBP,85.2,Software Engineer
651,D4,4,"Teknik Tenaga Listrik (TTL), Teknik Instalasi Tenaga Listrik (TITL), Pemrograman, Kimia",SBMPTN/SNBT,694.0,Full Stack Developer
652,D4,3,"Elektronika, Fisika, Desain Grafis",SBMPTN/SNBT,70.5,Control Systems Engineer
653,D3,7,"Teknologi Komputer Jaringan (TKJ), Fisika",SBMPTN/SNBT,662.0,Broadcast Engineer
654,D4,2,Statistika,SBMPN,678.0,RF Engineer
655,D4,8,Teknologi Komputer Jaringan (TKJ),SNMPTN/SNBP,76.4,Renewable Energy Engineer
656,D4,12,"Teknologi Komputer Jaringan (TKJ), Kimia, Desain Grafis",SBMPTN/SNBT,606.0,Machine Learning Engineer
657,D4,9,"Matematika, Pemrograman",SBMPN,87.7,Game Developer
658,D3,7,Matematika,SBMPN,82.6,Video Editor
659,D4,10,"Pemrograman, Desain Grafis",SNMPN,89.9,Cloud Engineer
660,D4,2,"Pemrograman, Desain Animasi, Fisika",SBMPN,80.2,RF Engineer
661,D3,4,Fisika,SNMPN,477.0,Cybersecurity Analyst
662,D4,5,"Desain Animasi, Desain Grafis",SNMPN,745.0,Robotics Engineer
663,D3,4,"Matematika, Elektronika, Desain Animasi, Teknologi Komputer Jaringan (TKJ)",SNMPTN/SNBP,481.0,Full Stack Developer
664,D4,9,"Teknologi Komputer Jaringan (TKJ), Teknik Instalasi Tenaga Listrik (TITL), Pemrograman, Fisika",SNMPN,78.4,Game Designer
665,D4,8,"Kimia, Multimedia, Teknik Instalasi Tenaga Listrik (TITL)",SNMPN,455.0,Renewable Energy Engineer
666,D4,1,"Multimedia, Pemrograman, Matematika",SNMPTN/SNBP,82.5,Electronics Technician
667,D3,2,Multimedia,SNMPTN/SNBP,85.5,Telecommunications Specialist
668,D4,2,Matematika,SNMPTN/SNBP,69.5,RF Engineer
669,D3,7,"Matematika, Elektronika, Teknik Instalasi Tenaga Listrik (TITL), Teknologi Komputer Jaringan (TKJ)",SBMPTN/SNBT,739.0,Broadcast Engineer
670,D3,7,"Teknik Instalasi Tenaga Listrik (TITL), Elektronika",SNMPTN/SNBP,80.4,Video Editor
671,D4,2,"Kimia, Elektronika",SBMPTN/SNBT,73.6,Network Engineer
672,D3,7,"Desain Grafis, Pemrograman, Teknik Tenaga Listrik (TTL)",SNMPTN/SNBP,66.0,Multimedia Designer
673,D4,8,"Teknik Tenaga Listrik (TTL), Desain Grafis",SBMPTN/SNBT,649.0,Power Plant Operator
674,D4,9,Teknik Tenaga Listrik (TTL),SBMPN,92.6,Game Designer
675,D4,3,"Multimedia, Desain Grafis, Teknik Tenaga Listrik (TTL), Kimia",SNMPTN/SNBP,667.0,Automation Engineer
676,D3,3,"Teknik Instalasi Tenaga Listrik (TITL), Fisika, Teknologi Komputer Jaringan (TKJ)",SIMANDIRI,90.8,Automation Engineer
677,D4,8,"Matematika, Teknologi Komputer Jaringan (TKJ), Fisika, Elektronika",SNMPN,746.0,Energy Analyst
678,D4,3,"Kimia, Teknologi Komputer Jaringan (TKJ)",SBMPN,83.7,Industrial Electrician
679,D4,8,Teknologi Komputer Jaringan (TKJ),SBMPTN/SNBT,552.0,Energy Analyst
680,D4,10,Teknik Tenaga Listrik (TTL),SIMANDIRI,69.3,Cloud Engineer
681,D4,6,"Multimedia, Elektronika",SBMPN,86.3,System Administrator
682,D4,3,Teknik Instalasi Tenaga Listrik (TITL),SNMPN,73.2,Automation Engineer
683,D3,7,"Desain Animasi, Elektronika",SNMPTN/SNBP,599.0,Broadcast Engineer
684,D4,8,"Kimia, Teknik Tenaga Listrik (TTL)",SBMPTN/SNBT,74.9,Renewable Energy Engineer
685,D4,5,"Teknologi Komputer Jaringan (TKJ), Statistika",SNMPTN/SNBP,554.0,Robotics Engineer
686,D3,1,"Teknologi Komputer Jaringan (TKJ), Teknik Instalasi Tenaga Listrik (TITL)",SBMPTN/SNBT,562.0,Electrical Engineer
687,D4,11,"Desain Animasi, Teknologi Komputer Jaringan (TKJ)",SNMPN,478.0,Digital Content Creator
688,D4,10,"Kimia, Elektronika",SNMPTN/SNBP,717.0,Network Security Specialist
689,D4,5,"Pemrograman, Teknologi Komputer Jaringan (TKJ)",SNMPN,685.0,Robotics Engineer
690,D4,2,"Pemrograman, Teknik Instalasi Tenaga Listrik (TITL), Teknik Tenaga Listrik (TTL)",SBMPTN/SNBT,65.8,Network Engineer
691,D4,8,"Teknologi Komputer Jaringan (TKJ), Desain Animasi",SNMPN,73.7,Energy Analyst
692,D4,12,"Multimedia, Teknik Tenaga Listrik (TTL), Statistika, Fisika",SNMPN,89.1,Data Scientist
693,D4,9,"Desain Animasi, Matematika, Kimia",SBMPTN/SNBT,487.0,Game Designer
694,D4,9,Desain Grafis,SBMPTN/SNBT,90.9,Game Designer
695,D4,10,"Statistika, Matematika, Pemrograman",SNMPN,605.0,Cloud Engineer
696,D4,8,"Pemrograman, Fisika",SBMPTN/SNBT,90.3,Renewable Energy Engineer
697,D4,9,"Statistika, Matematika",SIMANDIRI,79.9,Game Designer
698,D4,8,"Statistika, Matematika",SIMANDIRI,86.6,Power Plant Operator
699,D3,4,Fisika,SBMPTN/SNBT,667.0,Full Stack Developer
700,D4,5,"Pemrograman, Desain Grafis, Teknik Instalasi Tenaga Listrik (TITL)",SIMANDIRI,586.0,Automation Engineer
701,D4,10,"Teknik Instalasi Tenaga Listrik (TITL), Multimedia, Teknik Tenaga Listrik (TTL), Kimia",SBMPTN/SNBT,89.6,Network Security Specialist
702,D4,8,"Elektronika, Matematika, Pemrograman, Statistika",SNMPTN/SNBP,596.0,Power Plant Operator
703,D4,12,"Teknik Tenaga Listrik (TTL), Kimia",SNMPTN/SNBP,65.6,Business Intelligence Analyst
704,D4,8,Multimedia,SBMPTN/SNBT,649.0,Energy Analyst
705,D4,8,"Teknik Instalasi Tenaga Listrik (TITL), Kimia, Desain Animasi",SBMPTN/SNBT,635.0,Power Plant Operator
706,D4,8,"Teknologi Komputer Jaringan (TKJ), Desain Animasi, Statistika",SBMPN,718.0,Energy Analyst
707,D4,11,"Multimedia, Desain Animasi, Elektronika",SNMPN,84.3,Digital Content Creator
708,D4,9,Fisika,SBMPTN/SNBT,86.5,3D Modeler
709,D4,5,"Teknik Tenaga Listrik (TTL), Kimia, Teknik Instalasi Tenaga Listrik (TITL), Pemrograman",SNMPN,611.0,Mechatronics Specialist
710,D4,1,"Teknologi Komputer Jaringan (TKJ), Teknik Tenaga Listrik (TTL), Desain Animasi, Desain Grafis",SIMANDIRI,476.0,Electrical Engineer
711,D3,2,Kimia,SBMPTN/SNBT,94.5,RF Engineer
712,D4,8,"Matematika, Pemrograman, Teknik Instalasi Tenaga Listrik (TITL)",SBMPN,654.0,Renewable Energy Engineer
713,D4,9,Teknik Tenaga Listrik (TTL),SIMANDIRI,68.2,Game Designer
714,D4,10,"Desain Grafis, Multimedia",SNMPTN/SNBP,67.0,DevOps Engineer
715,D3,7,Desain Grafis,SBMPN,708.0,Video Editor
716,D4,12,"Teknologi Komputer Jaringan (TKJ), Multimedia",SNMPTN/SNBP,67.3,Machine Learning Engineer
717,D4,4,Kimia,SIMANDIRI,73.0,Cybersecurity Analyst
718,D4,8,"Statistika, Teknologi Komputer Jaringan (TKJ), Elektronika",SBMPTN/SNBT,509.0,Power Plant Operator
719,D4,3,Statistika,SNMPTN/SNBP,692.0,Control Systems Engineer
720,D4,9,"Fisika, Kimia",SBMPTN/SNBT,65.3,Game Developer
721,D4,8,Kimia,SNMPN,675.0,Renewable Energy Engineer
722,D4,8,Matematika,SBMPN,500.0,Power Plant Operator
723,D4,5,Fisika,SNMPN,470.0,Mechatronics Specialist
724,D4,6,Teknik Tenaga Listrik (TTL),SBMPTN/SNBT,80.0,IT Support Specialist
725,D4,1,Teknik Tenaga Listrik (TTL),SNMPTN/SNBP,732.0,Embedded Systems Engineer
726,D4,9,"Desain Grafis, Kimia, Statistika",SNMPTN/SNBP,79.1,Game Designer
727,D4,9,"Fisika, Desain Animasi, Teknik Tenaga Listrik (TTL), Desain Grafis",SNMPN,502.0,Game Developer
728,D4,12,"Desain Grafis, Multimedia, Teknik Instalasi Tenaga Listrik (TITL), Teknologi Komputer Jaringan (TKJ)",SBMPTN/SNBT,92.6,Machine Learning Engineer
729,D4,1,"Teknik Tenaga Listrik (TTL), Fisika, Teknologi Komputer Jaringan (TKJ)",SBMPTN/SNBT,70.5,Embedded Systems Engineer
730,D3,7,"Multimedia, Teknik Instalasi Tenaga Listrik (TITL), Teknologi Komputer Jaringan (TKJ), Matematika",SNMPTN/SNBP,467.0,Broadcast Engineer
731,D4,1,"Fisika, Desain Grafis, Teknik Tenaga Listrik (TTL), Kimia",SNMPN,84.2,Electrical Engineer
732,D3,1,"Statistika, Matematika",SIMANDIRI,92.8,Electrical Engineer
733,D4,6,"Statistika, Teknologi Komputer Jaringan (TKJ), Teknik Tenaga Listrik (TTL), Kimia",SIMANDIRI,81.4,System Administrator
734,D4,12,"Desain Grafis, Teknologi Komputer Jaringan (TKJ), Multimedia",SNMPN,623.0,Machine Learning Engineer
735,D4,11,"Teknik Instalasi Tenaga Listrik (TITL), Desain Grafis, Kimia, Teknologi Komputer Jaringan (TKJ)",SNMPN,717.0,Digital Content Creator
736,D4,8,"Teknologi Komputer Jaringan (TKJ), Desain Grafis, Multimedia",SNMPN,93.0,Power Plant Operator
737,D3,3,"Teknik Tenaga Listrik (TTL), Pemrograman, Teknologi Komputer Jaringan (TKJ), Matematika",SNMPN,693.0,Control Systems Engineer
738,D4,9,Statistika,SNMPTN/SNBP,617.0,Game Developer
739,D3,3,Elektronika,SBMPN,79.4,Industrial Electrician
740,D3,7,"Pemrograman, Teknik Instalasi Tenaga Listrik (TITL), Matematika",SBMPTN/SNBT,706.0,Video Editor
741,D3,7,Statistika,SNMPTN/SNBP,88.3,Broadcast Engineer
742,D4,6,"Multimedia, Matematika",SNMPTN/SNBP,664.0,System Administrator
743,D3,7,"Desain Animasi, Matematika, Multimedia",SNMPTN/SNBP,505.0,Video Editor
744,D4,10,"Teknik Tenaga Listrik (TTL), Pemrograman, Statistika, Matematika",SIMANDIRI,598.0,DevOps Engineer
745,D4,2,"Elektronika, Matematika, Pemrograman, Fisika",SBMPTN/SNBT,497.0,RF Engineer
746,D3,7,"Fisika, Desain Animasi, Teknik Instalasi Tenaga Listrik (TITL)",SBMPTN/SNBT,77.6,Video Editor
747,D4,12,"Multimedia, Desain Animasi, Teknologi Komputer Jaringan (TKJ)",SBMPTN/SNBT,613.0,Data Scientist
748,D4,6,"Desain Animasi, Kimia",SNMPTN/SNBP,717.0,Computer Engineer
749,D4,1,"Desain Animasi, Multimedia, Teknik Tenaga Listrik (TTL)",SNMPTN/SNBP,66.0,Embedded Systems Engineer
750,D4,4,"Matematika, Elektronika",SIMANDIRI,700.0,Cybersecurity Analyst
751,D3,3,Elektronika,SBMPTN/SNBT,66.3,Automation Engineer
752,D4,11,"Teknik Tenaga Listrik (TTL), Multimedia, Pemrograman",SBMPTN/SNBT,72.7,Motion Graphics Artist
753,D4,6,"Desain Animasi, Fisika, Multimedia, Matematika",SNMPTN/SNBP,551.0,IT Support Specialist
754,D4,9,"Desain Animasi, Teknologi Komputer Jaringan (TKJ), Statistika, Pemrograman",SBMPTN/SNBT,80.7,3D Modeler
755,D4,5,"Elektronika, Teknik Instalasi Tenaga Listrik (TITL), Pemrograman, Fisika",SNMPTN/SNBP,741.0,Automation Engineer
756,D4,10,"Desain Grafis, Fisika, Multimedia, Pemrograman",SNMPN,73.7,Network Security Specialist
757,D4,8,"Fisika, Pemrograman",SNMPTN/SNBP,90.5,Energy Analyst
758,D4,11,"Statistika, Desain Grafis, Teknik Tenaga Listrik (TTL)",SNMPN,545.0,Digital Content Creator
759,D4,2,"Pemrograman, Teknik Tenaga Listrik (TTL), Desain Grafis, Matematika",SBMPTN/SNBT,603.0,Telecommunications Specialist
760,D3,2,"Desain Animasi, Teknik Instalasi Tenaga Listrik (TITL), Pemrograman",SNMPN,77.9,Telecommunications Specialist
761,D4,11,Matematika,SBMPTN/SNBT,579.0,Motion Graphics Artist
762,D3,3,Desain Grafis,SBMPN,488.0,Automation Engineer
763,D4,11,"Matematika, Teknologi Komputer Jaringan (TKJ), Multimedia, Pemrograman",SBMPN,71.5,Digital Content Creator
764,D4,9,"Elektronika, Desain Animasi",SNMPTN/SNBP,512.0,Game Developer
765,D4,11,"Teknik Tenaga Listrik (TTL), Teknologi Komputer Jaringan (TKJ), Elektronika, Desain Animasi",SBMPN,721.0,UI/UX Designer
766,D4,12,"Elektronika, Teknik Instalasi Tenaga Listrik (TITL), Kimia",SNMPN,74.7,Business Intelligence Analyst
767,D4,2,"Statistika, Elektronika, Teknologi Komputer Jaringan (TKJ)",SBMPN,663.0,Network Engineer
768,D4,8,"Teknik Instalasi Tenaga Listrik (TITL), Kimia, Multimedia",SBMPTN/SNBT,69.0,Renewable Energy Engineer
769,D4,9,Fisika,SNMPTN/SNBP,679.0,Game Developer
770,D4,12,"Desain Grafis, Fisika, Kimia, Statistika",SNMPN,67.4,Machine Learning Engineer
771,D4,10,Multimedia,SNMPTN/SNBP,502.0,Cloud Engineer
772,D4,11,Kimia,SIMANDIRI,72.3,Digital Content Creator
773,D4,5,"Elektronika, Matematika",SNMPN,611.0,Automation Engineer
774,D4,10,"Desain Animasi, Multimedia, Elektronika",SNMPN,708.0,Network Security Specialist
775,D4,11,"Kimia, Elektronika",SBMPTN/SNBT,642.0,Motion Graphics Artist
776,D4,10,Teknik Tenaga Listrik (TTL),SIMANDIRI,69.7,Network Security Specialist
777,D4,5,Fisika,SBMPTN/SNBT,475.0,Mechatronics Specialist
778,D4,11,"Kimia, Elektronika, Matematika, Pemrograman",SBMPTN/SNBT,76.6,Digital Content Creator
779,D4,9,"Statistika, Multimedia",SBMPTN/SNBT,524.0,Game Developer
780,D4,9,"Kimia, Statistika, Teknik Tenaga Listrik (TTL)",SBMPN,715.0,Game Developer
781,D4,8,"Fisika, Pemrograman, Teknologi Komputer Jaringan (TKJ), Desain Grafis",SBMPN,572.0,Energy Analyst
782,D4,8,"Statistika, Desain Animasi",SBMPTN/SNBT,690.0,Power Plant Operator
783,D4,1,Matematika,SBMPN,84.7,Electronics Technician
784,D4,11,"Desain Animasi, Pemrograman, Statistika",SBMPTN/SNBT,749.0,UI/UX Designer
785,D3,4,"Teknologi Komputer Jaringan (TKJ), Multimedia, Teknik Instalasi Tenaga Listrik (TITL)",SBMPTN/SNBT,534.0,Software Engineer
786,D4,6,"Fisika, Multimedia, Matematika, Desain Grafis",SNMPTN/SNBP,84.8,Computer Engineer
787,D4,5,"Fisika, Teknik Instalasi Tenaga Listrik (TITL)",SBMPTN/SNBT,523.0,Automation Engineer
788,D4,8,"Teknologi Komputer Jaringan (TKJ), Teknik Instalasi Tenaga Listrik (TITL), Multimedia",SBMPTN/SNBT,68.2,Power Plant Operator
789,D3,4,"Statistika, Pemrograman, Fisika",SBMPTN/SNBT,704.0,Cybersecurity Analyst
790,D4,11,"Multimedia, Teknik Tenaga Listrik (TTL), Teknologi Komputer Jaringan (TKJ), Elektronika",SNMPN,696.0,UI/UX Designer
791,D4,5,"Teknik Tenaga Listrik (TTL), Elektronika, Pemrograman",SNMPTN/SNBP,567.0,Robotics Engineer
792,D4,5,"Statistika, Teknologi Komputer Jaringan (TKJ)",SBMPTN/SNBT,92.1,Mechatronics Specialist
793,D4,8,"Teknik Tenaga Listrik (TTL), Teknologi Komputer Jaringan (TKJ)",SIMANDIRI,712.0,Renewable Energy Engineer
794,D4,3,"Fisika, Desain Grafis, Matematika, Teknik Instalasi Tenaga Listrik (TITL)",SBMPTN/SNBT,89.0,Control Systems Engineer
795,D3,4,"Teknik Tenaga Listrik (TTL), Statistika",SBMPTN/SNBT,88.0,Software Engineer
796,D3,2,Kimia,SNMPTN/SNBP,76.8,RF Engineer
797,D4,5,"Multimedia, Teknik Tenaga Listrik (TTL), Statistika",SNMPN,499.0,Automation Engineer
798,D4,11,"Multimedia, Teknologi Komputer Jaringan (TKJ), Fisika",SIMANDIRI,707.0,Motion Graphics Artist
799,D3,7,"Matematika, Kimia",SBMPN,568.0,Video Editor
800,D4,3,"Kimia, Matematika, Statistika",SBMPN,81.1,Control Systems Engineer
801,D4,9,"Statistika, Matematika, Teknik Instalasi Tenaga Listrik (TITL)",SNMPTN/SNBP,78.3,Game Designer
802,D3,1,"Fisika, Teknik Instalasi Tenaga Listrik (TITL), Desain Grafis, Pemrograman",SIMANDIRI,636.0,Embedded Systems Engineer
803,D4,6,"Kimia, Desain Animasi, Fisika",SBMPN,76.0,System Administrator
804,D4,2,"Kimia, Fisika, Matematika, Elektronika",SIMANDIRI,523.0,Telecommunications Specialist
805,D4,9,"Elektronika, Pemrograman, Teknik Tenaga Listrik (TTL)",SIMANDIRI,560.0,Game Developer
806,D3,7,"Kimia, Pemrograman, Statistika, Desain Animasi",SBMPTN/SNBT,661.0,Broadcast Engineer
807,D4,10,"Desain Animasi, Kimia, Desain Grafis",SIMANDIRI,75.8,Network Security Specialist
808,D4,6,"Multimedia, Statistika",SNMPN,91.4,Computer Engineer
809,D4,11,Desain Grafis,SBMPN,713.0,UI/UX Designer
810,D4,10,"Desain Animasi, Teknik Instalasi Tenaga Listrik (TITL), Teknologi Komputer Jaringan (TKJ), Statistika",SNMPN,652.0,DevOps Engineer
811,D4,5,Elektronika,SNMPN,715.0,Mechatronics Specialist
812,D4,2,"Kimia, Desain Grafis",SNMPN,83.0,RF Engineer
813,D4,4,Kimia,SBMPN,518.0,Full Stack Developer
814,D3,3,"Matematika, Pemrograman",SBMPTN/SNBT,507.0,Control Systems Engineer
815,D3,4,"Multimedia, Desain Grafis, Pemrograman, Kimia",SBMPN,67.9,Cybersecurity Analyst
816,D4,2,"Pemrograman, Matematika, Multimedia, Teknik Instalasi Tenaga Listrik (TITL)",SBMPTN/SNBT,80.4,Network Engineer
817,D4,12,"Fisika, Teknik Instalasi Tenaga Listrik (TITL)",SBMPN,739.0,Machine Learning Engineer
818,D4,8,Multimedia,SNMPTN/SNBP,90.9,Power Plant Operator
819,D3,4,"Matematika, Kimia, Pemrograman, Desain Animasi",SBMPTN/SNBT,85.2,Full Stack Developer
820,D4,8,"Desain Animasi, Fisika, Kimia",SNMPTN/SNBP,76.8,Power Plant Operator
821,D4,8,"Desain Grafis, Desain Animasi",SBMPN,615.0,Energy Analyst
822,D4,5,"Fisika, Elektronika",SBMPN,85.2,Robotics Engineer
823,D4,5,"Teknologi Komputer Jaringan (TKJ), Multimedia",SNMPTN/SNBP,552.0,Automation Engineer
824,D4,5,"Elektronika, Teknologi Komputer Jaringan (TKJ), Teknik Instalasi Tenaga Listrik (TITL), Pemrograman",SNMPTN/SNBP,67.3,Automation Engineer
825,D4,4,"Pemrograman, Elektronika",SNMPN,73.9,Full Stack Developer
826,D4,3,Statistika,SNMPN,86.8,Control Systems Engineer
827,D3,2,Fisika,SBMPN,90.1,RF Engineer
828,D4,4,"Elektronika, Teknologi Komputer Jaringan (TKJ)",SBMPN,70.9,Cybersecurity Analyst
829,D4,4,"Elektronika, Fisika, Desain Animasi",SNMPTN/SNBP,67.6,Software Engineer
830,D4,11,"Desain Animasi, Fisika, Pemrograman",SNMPTN/SNBP,87.7,Digital Content Creator
831,D3,1,"Teknologi Komputer Jaringan (TKJ), Fisika, Statistika",SNMPTN/SNBP,72.6,Electrical Engineer
832,D4,1,"Fisika, Elektronika, Statistika",SBMPTN/SNBT,88.9,Electrical Engineer
833,D4,5,"Elektronika, Statistika, Fisika, Pemrograman",SNMPTN/SNBP,90.2,Automation Engineer
834,D4,2,Statistika,SBMPTN/SNBT,599.0,Network Engineer
835,D4,1,"Multimedia, Matematika, Elektronika",SNMPTN/SNBP,508.0,Electrical Engineer
836,D4,10,"Pemrograman, Kimia",SBMPN,488.0,Cloud Engineer
837,D3,2,"Statistika, Desain Grafis",SBMPN,90.4,RF Engineer
838,D4,1,Multimedia,SBMPTN/SNBT,462.0,Embedded Systems Engineer
839,D4,8,Teknik Tenaga Listrik (TTL),SNMPTN/SNBP,69.4,Power Plant Operator
840,D3,7,"Matematika, Teknik Tenaga Listrik (TTL)",SBMPN,674.0,Broadcast Engineer
841,D4,8,"Desain Grafis, Fisika",SBMPN,472.0,Energy Analyst
842,D4,11,"Matematika, Teknik Instalasi Tenaga Listrik (TITL)",SNMPTN/SNBP,511.0,UI/UX Designer
843,D4,9,"Fisika, Pemrograman, Teknik Instalasi Tenaga Listrik (TITL), Statistika",SNMPN,80.3,Game Developer
844,D4,3,Pemrograman,SNMPTN/SNBP,68.3,Industrial Electrician
845,D4,8,"Pemrograman, Teknik Instalasi Tenaga Listrik (TITL), Multimedia",SBMPN,86.3,Renewable Energy Engineer
846,D4,2,"Statistika, Elektronika",SNMPTN/SNBP,562.0,Network Engineer
847,D4,11,"Pemrograman, Multimedia",SBMPN,495.0,Digital Content Creator
848,D4,12,Statistika,SNMPN,71.6,Business Intelligence Analyst
849,D4,11,"Elektronika, Pemrograman, Desain Grafis, Teknik Tenaga Listrik (TTL)",SBMPN,68.3,UI/UX Designer
850,D4,8,"Matematika, Teknologi Komputer Jaringan (TKJ), Teknik Tenaga Listrik (TTL)",SNMPTN/SNBP,726.0,Renewable Energy Engineer
851,D4,4,"Fisika, Desain Animasi, Teknik Tenaga Listrik (TTL), Matematika",SNMPTN/SNBP,92.8,Software Engineer
852,D3,2,Elektronika,SNMPTN/SNBP,712.0,Telecommunications Specialist
853,D4,9,"Pemrograman, Teknik Tenaga Listrik (TTL), Teknik Instalasi Tenaga Listrik (TITL), Teknologi Komputer Jaringan (TKJ)",SIMANDIRI,86.3,3D Modeler
854,D4,6,"Teknik Tenaga Listrik (TTL), Fisika",SNMPTN/SNBP,631.0,System Administrator
855,D4,10,Desain Animasi,SNMPN,81.8,Network Security Specialist
856,D4,5,Elektronika,SNMPTN/SNBP,596.0,Robotics Engineer
857,D4,6,"Desain Animasi, Teknik Instalasi Tenaga Listrik (TITL)",SBMPTN/SNBT,642.0,Computer Engineer
858,D4,12,Teknik Instalasi Tenaga Listrik (TITL),SBMPTN/SNBT,591.0,Machine Learning Engineer
859,D4,11,"Multimedia, Fisika",SNMPN,77.2,Motion Graphics Artist
860,D4,4,"Matematika, Elektronika",SBMPTN/SNBT,636.0,Full Stack Developer
861,D4,11,"Kimia, Matematika",SIMANDIRI,471.0,UI/UX Designer
862,D3,7,"Teknologi Komputer Jaringan (TKJ), Matematika, Desain Animasi",SNMPTN/SNBP,66.4,Broadcast Engineer
863,D4,12,"Teknologi Komputer Jaringan (TKJ), Desain Animasi",SBMPTN/SNBT,67.4,Business Intelligence Analyst
864,D4,12,"Pemrograman, Kimia",SIMANDIRI,87.8,Data Scientist
865,D4,8,"Fisika, Kimia",SBMPN,83.5,Energy Analyst
866,D4,10,"Matematika, Elektronika, Pemrograman, Kimia",SBMPTN/SNBT,67.5,DevOps Engineer
867,D4,9,"Desain Animasi, Pemrograman, Elektronika",SIMANDIRI,702.0,Game Designer
868,D3,2,Desain Animasi,SNMPTN/SNBP,71.9,RF Engineer
869,D3,7,"Multimedia, Teknik Tenaga Listrik (TTL)",SBMPTN/SNBT,93.5,Broadcast Engineer
870,D4,4,Teknik Tenaga Listrik (TTL),SIMANDIRI,89.4,Full Stack Developer
871,D3,4,"Fisika, Matematika",SBMPTN/SNBT,493.0,Software Engineer
872,D4,2,"Pemrograman, Teknik Instalasi Tenaga Listrik (TITL), Statistika, Elektronika",SBMPTN/SNBT,554.0,RF Engineer
873,D3,7,"Fisika, Multimedia",SNMPTN/SNBP,667.0,Video Editor
874,D3,4,"Teknik Instalasi Tenaga Listrik (TITL), Elektronika",SBMPN,622.0,Software Engineer
875,D3,7,"Elektronika, Fisika",SBMPTN/SNBT,73.7,Multimedia Designer
876,D3,2,"Multimedia, Teknologi Komputer Jaringan (TKJ), Teknik Instalasi Tenaga Listrik (TITL), Pemrograman",SBMPTN/SNBT,518.0,RF Engineer
877,D4,12,Teknologi Komputer Jaringan (TKJ),SNMPTN/SNBP,639.0,Business Intelligence Analyst
878,D4,9,"Desain Animasi, Statistika",SNMPTN/SNBP,85.5,3D Modeler
879,D4,5,"Pemrograman, Multimedia, Statistika, Elektronika",SBMPTN/SNBT,749.0,Automation Engineer
880,D4,2,"Fisika, Kimia, Elektronika, Desain Grafis",SBMPN,677.0,RF Engineer
881,D4,2,"Desain Animasi, Elektronika",SNMPN,73.5,Telecommunications Specialist
882,D4,3,"Fisika, Teknik Instalasi Tenaga Listrik (TITL), Statistika, Teknik Tenaga Listrik (TTL)",SBMPN,93.9,Industrial Electrician
883,D3,3,Elektronika,SNMPN,522.0,Automation Engineer
884,D4,4,"Kimia, Fisika, Matematika",SNMPTN/SNBP,80.2,Full Stack Developer
885,D4,10,"Kimia, Matematika, Elektronika, Desain Grafis",SBMPTN/SNBT,656.0,DevOps Engineer
886,D3,3,Multimedia,SNMPTN/SNBP,92.7,Automation Engineer
887,D4,10,Fisika,SNMPTN/SNBP,75.4,DevOps Engineer
888,D4,6,Desain Grafis,SNMPTN/SNBP,517.0,Computer Engineer
889,D4,5,"Desain Animasi, Elektronika, Pemrograman, Teknik Instalasi Tenaga Listrik (TITL)",SBMPN,72.0,Mechatronics Specialist
890,D4,9,"Teknik Instalasi Tenaga Listrik (TITL), Elektronika",SIMANDIRI,84.2,Game Developer
891,D4,10,"Pemrograman, Teknik Instalasi Tenaga Listrik (TITL), Teknik Tenaga Listrik (TTL), Multimedia",SNMPN,70.3,Cloud Engineer
892,D4,1,"Fisika, Statistika, Kimia, Pemrograman",SBMPN,93.2,Embedded Systems Engineer
893,D3,2,"Fisika, Multimedia, Pemrograman, Teknik Instalasi Tenaga Listrik (TITL)",SNMPN,741.0,Network Engineer
894,D3,3,"Pemrograman, Matematika, Desain Animasi, Multimedia",SNMPTN/SNBP,651.0,Industrial Electrician
895,D4,10,"Matematika, Teknik Instalasi Tenaga Listrik (TITL), Statistika, Teknik Tenaga Listrik (TTL)",SBMPTN/SNBT,590.0,DevOps Engineer
896,D4,9,Kimia,SNMPTN/SNBP,632.0,3D Modeler
897,D4,9,Statistika,SBMPN,85.4,3D Modeler
898,D4,6,"Teknik Tenaga Listrik (TTL), Elektronika, Teknologi Komputer Jaringan (TKJ)",SNMPN,82.0,Computer Engineer
899,D4,5,Statistika,SBMPN,715.0,Automation Engineer
900,D4,11,"Multimedia, Desain Animasi",SNMPN,85.6,Motion Graphics Artist
901,D4,8,Matematika,SIMANDIRI,66.8,Energy Analyst
902,D4,2,Teknik Instalasi Tenaga Listrik (TITL),SNMPN,462.0,RF Engineer
903,D4,3,"Desain Grafis, Fisika, Desain Animasi",SBMPTN/SNBT,67.5,Control Systems Engineer
904,D4,2,"Teknologi Komputer Jaringan (TKJ), Fisika, Teknik Instalasi Tenaga Listrik (TITL), Desain Animasi",SNMPTN/SNBP,94.6,Network Engineer
905,D3,2,"Elektronika, Kimia, Pemrograman",SNMPTN/SNBP,732.0,Telecommunications Specialist
906,D4,2,"Teknik Instalasi Tenaga Listrik (TITL), Desain Animasi, Pemrograman",SBMPTN/SNBT,72.8,Network Engineer
907,D4,8,"Pemrograman, Multimedia, Teknik Instalasi Tenaga Listrik (TITL)",SBMPN,75.1,Renewable Energy Engineer
908,D4,1,"Multimedia, Statistika, Desain Animasi, Elektronika",SBMPN,73.9,Electronics Technician
909,D4,9,Teknologi Komputer Jaringan (TKJ),SBMPN,494.0,Game Developer
910,D4,4,"Pemrograman, Multimedia, Kimia, Matematika",SNMPN,711.0,Cybersecurity Analyst
911,D4,11,"Pemrograman, Kimia, Matematika",SBMPN,91.0,Motion Graphics Artist
912,D4,9,"Teknik Tenaga Listrik (TTL), Fisika, Kimia",SBMPTN/SNBT,453.0,Game Developer
913,D4,3,"Pemrograman, Fisika, Elektronika",SNMPTN/SNBP,705.0,Control Systems Engineer
914,D4,8,"Kimia, Desain Animasi, Teknologi Komputer Jaringan (TKJ)",SNMPTN/SNBP,72.2,Renewable Energy Engineer
915,D4,12,"Multimedia, Elektronika, Fisika",SBMPTN/SNBT,569.0,Data Scientist
916,D4,10,"Elektronika, Desain Animasi, Teknologi Komputer Jaringan (TKJ), Matematika",SBMPTN/SNBT,69.4,Network Security Specialist
917,D4,3,"Statistika, Desain Grafis, Teknik Tenaga Listrik (TTL)",SNMPN,457.0,Control Systems Engineer
918,D4,11,"Teknik Tenaga Listrik (TTL), Statistika",SNMPTN/SNBP,71.2,UI/UX Designer
919,D4,6,"Statistika, Teknologi Komputer Jaringan (TKJ), Kimia, Teknik Instalasi Tenaga Listrik (TITL)",SBMPTN/SNBT,721.0,System Administrator
920,D4,8,Multimedia,SBMPN,704.0,Renewable Energy Engineer
921,D4,8,"Statistika, Matematika",SBMPN,68.1,Energy Analyst
922,D4,10,"Matematika, Teknologi Komputer Jaringan (TKJ), Statistika, Kimia",SBMPN,739.0,Cloud Engineer
923,D3,2,"Pemrograman, Desain Grafis, Teknik Tenaga Listrik (TTL), Elektronika",SIMANDIRI,66.7,Network Engineer
924,D3,7,"Desain Grafis, Elektronika, Statistika, Multimedia",SBMPN,600.0,Video Editor
925,D4,3,"Teknik Tenaga Listrik (TTL), Kimia, Teknik Instalasi Tenaga Listrik (TITL), Matematika",SNMPTN/SNBP,84.5,Control Systems Engineer
926,D4,10,"Teknik Instalasi Tenaga Listrik (TITL), Multimedia",SNMPTN/SNBP,77.2,DevOps Engineer
927,D3,1,"Multimedia, Pemrograman",SBMPN,641.0,Electrical Engineer
928,D4,1,"Teknik Tenaga Listrik (TTL), Fisika, Matematika, Multimedia",SBMPN,87.6,Electronics Technician
929,D4,3,"Teknologi Komputer Jaringan (TKJ), Statistika, Teknik Tenaga Listrik (TTL)",SIMANDIRI,724.0,Industrial Electrician
930,D4,8,Desain Grafis,SNMPTN/SNBP,66.6,Power Plant Operator
931,D4,11,"Kimia, Statistika, Pemrograman",SBMPN,509.0,Digital Content Creator
932,D3,7,Elektronika,SNMPTN/SNBP,94.0,Video Editor
933,D4,12,"Kimia, Teknik Instalasi Tenaga Listrik (TITL), Multimedia, Teknologi Komputer Jaringan (TKJ)",SBMPN,69.3,Machine Learning Engineer
934,D4,2,"Pemrograman, Teknik Instalasi Tenaga Listrik (TITL), Fisika",SNMPTN/SNBP,538.0,Telecommunications Specialist
935,D4,6,Desain Grafis,SBMPTN/SNBT,576.0,Computer Engineer
936,D3,7,"Teknik Instalasi Tenaga Listrik (TITL), Teknologi Komputer Jaringan (TKJ), Desain Grafis",SNMPN,73.5,Multimedia Designer
937,D4,10,"Fisika, Pemrograman, Teknik Instalasi Tenaga Listrik (TITL)",SBMPN,91.8,Cloud Engineer
938,D4,5,"Desain Grafis, Elektronika, Matematika",SBMPN,85.8,Automation Engineer
939,D4,12,"Matematika, Teknologi Komputer Jaringan (TKJ)",SBMPTN/SNBT,85.3,Business Intelligence Analyst
940,D4,10,"Teknik Instalasi Tenaga Listrik (TITL), Matematika",SNMPTN/SNBP,484.0,Cloud Engineer
941,D4,1,"Statistika, Matematika",SNMPN,71.9,Electronics Technician
942,D4,6,"Teknik Tenaga Listrik (TTL), Matematika, Pemrograman",SBMPTN/SNBT,70.1,IT Support Specialist
943,D4,12,"Teknik Instalasi Tenaga Listrik (TITL), Matematika",SBMPN,525.0,Data Scientist
944,D4,5,"Multimedia, Teknik Tenaga Listrik (TTL), Pemrograman, Elektronika",SNMPTN/SNBP,77.4,Mechatronics Specialist
945,D4,12,"Matematika, Teknologi Komputer Jaringan (TKJ), Kimia, Teknik Tenaga Listrik (TTL)",SNMPTN/SNBP,94.2,Business Intelligence Analyst
946,D4,9,Kimia,SBMPN,572.0,3D Modeler
947,D4,2,"Kimia, Multimedia, Desain Animasi",SNMPN,66.5,Network Engineer
948,D4,5,"Teknik Instalasi Tenaga Listrik (TITL), Teknologi Komputer Jaringan (TKJ)",SBMPN,83.6,Automation Engineer
949,D4,12,"Teknik Tenaga Listrik (TTL), Teknologi Komputer Jaringan (TKJ), Desain Grafis",SBMPN,452.0,Data Scientist
950,D3,3,Desain Animasi,SBMPTN/SNBT,504.0,Control Systems Engineer
951,D4,6,"Fisika, Desain Animasi",SNMPN,743.0,IT Support Specialist
952,D4,3,"Teknik Tenaga Listrik (TTL), Desain Animasi, Fisika, Matematika",SBMPTN/SNBT,75.0,Control Systems Engineer
953,D4,10,"Kimia, Multimedia, Teknologi Komputer Jaringan (TKJ), Desain Grafis",SBMPTN/SNBT,606.0,Cloud Engineer
954,D4,10,"Statistika, Kimia, Teknik Instalasi Tenaga Listrik (TITL)",SBMPTN/SNBT,663.0,DevOps Engineer
955,D3,3,"Multimedia, Desain Grafis, Kimia",SNMPN,516.0,Industrial Electrician
956,D4,3,Desain Grafis,SIMANDIRI,72.7,Automation Engineer
957,D4,9,"Statistika, Matematika, Desain Animasi",SNMPN,73.5,3D Modeler
958,D4,3,"Elektronika, Multimedia",SNMPN,708.0,Automation Engineer
959,D4,2,Fisika,SNMPTN/SNBP,711.0,RF Engineer
960,D4,10,"Desain Animasi, Teknik Instalasi Tenaga Listrik (TITL)",SBMPTN/SNBT,92.8,DevOps Engineer
961,D3,4,"Desain Grafis, Teknik Tenaga Listrik (TTL), Pemrograman",SIMANDIRI,713.0,Software Engineer
962,D4,10,Teknik Instalasi Tenaga Listrik (TITL),SBMPTN/SNBT,683.0,Network Security Specialist
963,D4,10,Pemrograman,SBMPTN/SNBT,73.9,Network Security Specialist
964,D4,1,"Teknologi Komputer Jaringan (TKJ), Kimia, Desain Animasi",SNMPN,451.0,Electronics Technician
965,D4,3,Teknik Instalasi Tenaga Listrik (TITL),SBMPN,559.0,Industrial Electrician
966,D4,1,"Pemrograman, Matematika",SBMPN,83.2,Electronics Technician
967,D4,6,"Desain Grafis, Teknologi Komputer Jaringan (TKJ), Teknik Tenaga Listrik (TTL)",SIMANDIRI,74.6,System Administrator
968,D4,3,Pemrograman,SNMPN,483.0,Automation Engineer
969,D3,7,"Teknik Tenaga Listrik (TTL), Matematika",SIMANDIRI,574.0,Broadcast Engineer
970,D4,4,"Multimedia, Teknik Instalasi Tenaga Listrik (TITL), Fisika",SNMPTN/SNBP,564.0,Full Stack Developer
971,D4,11,"Pemrograman, Statistika, Teknologi Komputer Jaringan (TKJ), Desain Grafis",SBMPN,79.3,Digital Content Creator
972,D4,6,Teknologi Komputer Jaringan (TKJ),SNMPN,542.0,IT Support Specialist
973,D4,8,"Teknik Instalasi Tenaga Listrik (TITL), Pemrograman",SNMPTN/SNBP,648.0,Power Plant Operator
974,D4,8,"Teknik Instalasi Tenaga Listrik (TITL), Pemrograman, Desain Animasi",SNMPN,625.0,Power Plant Operator
975,D3,7,"Elektronika, Fisika, Teknologi Komputer Jaringan (TKJ)",SBMPN,746.0,Broadcast Engineer
976,D4,2,Pemrograman,SNMPTN/SNBP,94.8,Network Engineer
977,D3,4,"Multimedia, Teknik Tenaga Listrik (TTL), Teknik Instalasi Tenaga Listrik (TITL)",SBMPN,75.7,Full Stack Developer
978,D4,6,"Fisika, Kimia",SBMPN,89.7,System Administrator
979,D4,9,"Desain Animasi, Teknik Instalasi Tenaga Listrik (TITL), Desain Grafis, Pemrograman",SBMPN,723.0,Game Designer
980,D4,8,"Teknik Instalasi Tenaga Listrik (TITL), Multimedia",SNMPN,710.0,Power Plant Operator
981,D4,9,"Teknik Tenaga Listrik (TTL), Multimedia, Desain Grafis",SNMPTN/SNBP,81.3,3D Modeler
982,D4,2,"Pemrograman, Desain Animasi",SNMPTN/SNBP,79.5,Network Engineer
983,D4,6,"Kimia, Pemrograman, Multimedia, Statistika",SNMPTN/SNBP,85.3,System Administrator
984,D4,11,"Matematika, Fisika",SNMPTN/SNBP,92.8,UI/UX Designer
985,D3,4,"Fisika, Desain Animasi, Multimedia, Teknik Instalasi Tenaga Listrik (TITL)",SNMPN,71.0,Software Engineer
986,D4,5,"Teknik Instalasi Tenaga Listrik (TITL), Kimia, Teknologi Komputer Jaringan (TKJ), Elektronika",SNMPTN/SNBP,452.0,Robotics Engineer
987,D3,7,"Fisika, Multimedia, Teknologi Komputer Jaringan (TKJ)",SNMPN,65.8,Multimedia Designer
988,D4,1,Matematika,SBMPTN/SNBT,549.0,Electrical Engineer
989,D4,8,"Teknik Instalasi Tenaga Listrik (TITL), Desain Animasi, Multimedia, Teknologi Komputer Jaringan (TKJ)",SBMPTN/SNBT,493.0,Renewable Energy Engineer
990,D3,3,Fisika,SNMPTN/SNBP,72.2,Control Systems Engineer
991,D3,3,"Statistika, Desain Animasi",SNMPTN/SNBP,88.0,Control Systems Engineer
992,D4,3,"Multimedia, Teknik Tenaga Listrik (TTL), Matematika, Elektronika",SBMPN,709.0,Automation Engineer
993,D3,1,"Teknologi Komputer Jaringan (TKJ), Teknik Tenaga Listrik (TTL)",SBMPN,70.7,Electrical Engineer
994,D3,7,Fisika,SBMPTN/SNBT,550.0,Broadcast Engineer
995,D3,1,Desain Grafis,SBMPN,739.0,Embedded Systems Engineer
996,D3,7,"Multimedia, Kimia, Teknologi Komputer Jaringan (TKJ), Desain Animasi",SNMPTN/SNBP,455.0,Broadcast Engineer
997,D4,6,"Elektronika, Fisika, Pemrograman",SNMPTN/SNBP,65.0,IT Support Specialist
998,D4,12,"Teknik Tenaga Listrik (TTL), Kimia, Teknologi Komputer Jaringan (TKJ)",SBMPN,67.1,Machine Learning Engineer
999,D4,9,"Teknik Instalasi Tenaga Listrik (TITL), Pemrograman, Multimedia, Statistika",SBMPTN/SNBT,86.8,3D Modeler
1000,D4,6,"Multimedia, Teknik Tenaga Listrik (TTL), Fisika",SNMPTN/SNBP,628.0,System Administrator
